"Id";"Url";"Tipo";"Numero";"Data";"Processo";"Relator";"Interessado";"Ementa";"Assunto";"Documento";"Titulo"
"cme_manaus-lei-1";"cme.manaus.am.gov.br/legislacao-2/";"lei";"";"";"";"";"";"";"";"http://cme.manaus.am.gov.br/wp-content/uploads/2018/04/LDB.pdf";"LDB"
"cme_manaus-lei-2";"cme.manaus.am.gov.br/legislacao-2/";"lei";"";"";"";"";"";"";"";"http://www2.manaus.am.gov.br/portal/secretarias/semad/legislacao/municipal/Leis/LeiMunicipaln1118de01desetembrode1971EstatutodoServidorPublicoManaus.pdf";"ESTATUTO DOS SERVIDORES"
"cme_manaus-lei-3";"cme.manaus.am.gov.br/legislacao-2/";"lei";"";"";"";"";"";"";"";"http://www2.manaus.am.gov.br/portal/servicos/Legisla%C3%A7%C3%A3o/lei_organica.pdf";"LOMAN"
"cme_manaus-lei-4";"cme.manaus.am.gov.br/legislacao-2/";"lei";"1.126";"";"";"";"";"PLANO DE CARGOS CARREIRAS E SUBSÍDIOS DOS PROFISSIONAIS DO MAGISTÉRIO";"";"http://cme.manaus.am.gov.br/wp-content/uploads/2013/04/Lei-nº-1.126-Plano-de-Cargos-Carreiras-e-Subsídios-dos-Profissionais-do-magistério.pdf";"Lei nº 1.126"
"cme_manaus-lei-5";"cme.manaus.am.gov.br/legislacao-2/";"lei";"1.878";"";"";"";"";"Altera o valor do auxílio alimentação";"";"http://cme.manaus.am.gov.br/wp-content/uploads/2015/03/DOM-3424-04.06.2014-CAD-1.pdf";"Lei nº 1.878"
"cme_manaus-lei-6";"cme.manaus.am.gov.br/legislacao-2/";"lei";"1.905";"";"";"";"";"DISPÕE SOBRE O AUXÍLIO ALIMENTAÇÃO";"";"http://cme.manaus.am.gov.br/wp-content/uploads/2015/05/DOM-3492-12.09.2014-CAD-1.pdf";"Lei nº 1.905"
"cme_manaus-decreto-1";"cme.manaus.am.gov.br/legislacao-2/";"decreto";"2.907";"";"";"";"";"Regulamenta o HTP dos professores do ensino fundamental da Rede Pública Municipal de Ensino de Manaus";"";"http://cme.manaus.am.gov.br/wp-content/uploads/2015/05/DOM-3492-12.09.2014-CAD-1.pdf";"Decreto nº 2.907"
"cme_manaus-parecer-1";"http://cme.manaus.am.gov.br/pareceres-1998";"parecer";"002/1998";"1998";"";"";"";"Regimento Geral do Sistema Municipal de Educação.";"";"http://cme.manaus.am.gov.br/wp-content/uploads/2014/04/Parecer-n.-002-CME-1998.pdf";"Parecer nº 002/CME/1998"
"cme_manaus-parecer-2";"http://cme.manaus.am.gov.br/pareceres-1998";"parecer";"003/1998";"1998";"";"";"";"Projeto Aceleração da Aprendizagem.";"";"http://cme.manaus.am.gov.br/wp-content/uploads/2014/04/Parecer-n.-003-CME-1998.pdf";"Parecer nº 003/CME/1998"
"cme_manaus-parecer-3";"http://cme.manaus.am.gov.br/pareceres-1999";"parecer";"001/1999";"1999";"";"";"";"Projeto Avaliação Educacional.";"";"http://cme.manaus.am.gov.br/wp-content/uploads/2014/04/Parecer-n.-001-CME-1999.pdf";"Parecer nº 001/CME/1999"
"cme_manaus-parecer-4";"http://cme.manaus.am.gov.br/pareceres-2000";"parecer";"001/2000";"2000";"";"";"";"Solicitação da liberação da Recuperação Final.";"";"http://cme.manaus.am.gov.br/wp-content/uploads/2014/04/Parecer-n.-001-CME-2000.pdf";"Parecer nº 001/CME/2000"
"cme_manaus-parecer-5";"http://cme.manaus.am.gov.br/pareceres-2001";"parecer";"007/2001";"2001";"";"";"";"Proposta de Alteração na Estrutura Curricular da Educação Municipal diminuindo a Carga Horária de Língua Portuguesa e Matemática e aumentando a de Arte e Ensino Religioso.";"";"http://cme.manaus.am.gov.br/wp-content/uploads/2014/04/Parecer-n.-007-CME-2001.pdf";"Parecer nº 007/CME/2001"
"cme_manaus-parecer-6";"http://cme.manaus.am.gov.br/pareceres-2002";"parecer";"003/2002";"2002";"";"";"";"Proposta Metodológica para o Primeiro Segmento do Ensino Fundamental / Educação de Jovens e Adultos.";"";"http://cme.manaus.am.gov.br/wp-content/uploads/2014/04/Parecer-n.-003-CME-2002.pdf";"Parecer nº 003/CME/2002"
"cme_manaus-parecer-7";"http://cme.manaus.am.gov.br/pareceres-2002";"parecer";"006/2002";"2002";"";"";"";"Plano de Aplicação do Salário Educação do Município de Manaus.";"";"http://cme.manaus.am.gov.br/wp-content/uploads/2014/04/Parecer-n.-006-CME-2002.pdf";"Parecer nº 006/CME/2002"
"cme_manaus-parecer-8";"http://cme.manaus.am.gov.br/pareceres-2002";"parecer";"007/2002";"2002";"";"";"";"Projeto Classe Básica do Ensino Fundamental.";"";"http://cme.manaus.am.gov.br/wp-content/uploads/2014/04/Parecer-n.-007-CME-20021.pdf";"Parecer nº 007/CME/2002"
"cme_manaus-parecer-9";"http://cme.manaus.am.gov.br/pareceres/927-2";"parecer";"001/2003";"2003";"";"";"";"Plano de Aplicação Anual de 2003 / Repasse do Salário Educação ao Município de Manaus.";"";"http://cme.manaus.am.gov.br/wp-content/uploads/2014/04/Parecer-n.-001-CME-2003.pdf";"Parecer nº 001/CME/2003"
"cme_manaus-parecer-10";"http://cme.manaus.am.gov.br/pareceres/927-2";"parecer";"002/2003";"2003";"";"";"";"Relatórios Físico – Financeiro 2002 e Prestação de Contas de agosto a dezembro de 2002.";"";"http://cme.manaus.am.gov.br/wp-content/uploads/2014/04/Parecer-n.-002-CME-2003.pdf";"Parecer nº 002/CME/2003"
"cme_manaus-parecer-11";"http://cme.manaus.am.gov.br/pareceres/pareceres-2004";"parecer";"004/2004";"2004";"";"";"";"Programa Telecurso 2000 – Orientações Gerais.";"";"http://cme.manaus.am.gov.br/wp-content/uploads/2014/04/Parecer-n.-004-CME-2004.pdf";"Parecer nº 004/CME/2004"
"cme_manaus-parecer-12";"http://cme.manaus.am.gov.br/pareceres/pareceres-2004";"parecer";"005/2004";"2004";"";"";"";"Proposta Ciclo de Formação Humana.";"";"http://cme.manaus.am.gov.br/wp-content/uploads/2014/04/Parecer-n.-005-CME-2004.pdf";"Parecer nº 005/CME/2004"
"cme_manaus-parecer-13";"http://cme.manaus.am.gov.br/pareceres/pareceres-2004";"parecer";"006/2004";"2004";"";"";"";"Balanço Geral 2003 e Plano de Aplicação Anual de 2004 / Repasse do Salário Educação ao Município de Manaus.";"";"http://cme.manaus.am.gov.br/wp-content/uploads/2014/04/Parecer-n.-006-CME-2004.pdf";"Parecer nº 006/CME/2004"
"cme_manaus-parecer-14";"http://cme.manaus.am.gov.br/pareceres-2005";"parecer";"001/2005";"2005";"";"";"";"Análise e Aprovação do Plano de Recursos do Salário Educação";"";"http://cme.manaus.am.gov.br/wp-content/uploads/2014/04/Parecer-n.-001-CME-2005.pdf";"Parecer nº 001/CME/2005"
"cme_manaus-parecer-15";"http://cme.manaus.am.gov.br/pareceres-2005";"parecer";"002/2005";"2005";"";"";"";"Substituição do Diário de Classe/2005 – SEMED";"";"http://cme.manaus.am.gov.br/wp-content/uploads/2014/04/Parecer-n.-002-CME-2005.pdf";"Parecer nº 002/CME/2005"
"cme_manaus-parecer-16";"http://cme.manaus.am.gov.br/pareceres-2007";"parecer";"001/2007";"2007";"";"";"";"Legitimação – Ficha Utilizada em Substituição ao Diário de Classe no ano de 2007.";"";"http://cme.manaus.am.gov.br/wp-content/uploads/2014/04/Parecer-n.-001-CME-2007.pdf";"Parecer nº 001/CME/2007"
"cme_manaus-parecer-17";"http://cme.manaus.am.gov.br/pareceres-2007";"parecer";"002/2007";"2007";"";"";"";"Proposta da Institucionalização da disciplina Educação Física no turno noturno.";"";"http://cme.manaus.am.gov.br/wp-content/uploads/2014/04/Parecer-n.-002-CME-2007.pdf";"Parecer nº 002/CME/2007"
"cme_manaus-parecer-18";"http://cme.manaus.am.gov.br/pareceres-2007";"parecer";"003/2007";"2007";"";"";"";"Projeto Institucional – CME";"";"http://cme.manaus.am.gov.br/wp-content/uploads/2014/04/Parecer-n.-003-CME-2007.pdf";"Parecer nº 003/CME/2007"
"cme_manaus-parecer-19";"http://cme.manaus.am.gov.br/pareceres-2007";"parecer";"004/2007";"2007";"";"";"";"Propositura de Regimento Interno adequado às novas alterações da Lei vigente";"";"http://cme.manaus.am.gov.br/wp-content/uploads/2014/04/Parecer-n.-004-CME-2007.pdf";"Parecer nº 004/CME/2007"
"cme_manaus-parecer-20";"http://cme.manaus.am.gov.br/pareceres-2007";"parecer";"010/2007";"2007";"";"";"";"Definição da duração dos tempos de aula";"";"http://cme.manaus.am.gov.br/wp-content/uploads/2014/04/Parecer-n.-010-CME-2007.pdf";"Parecer nº 010/CME/2007"
"cme_manaus-parecer-21";"http://cme.manaus.am.gov.br/pareceres/pareceres-2008";"parecer";"001/2008";"2008";"";"";"";"Apreciação do Estatuto do Conselho Escolar das Escolas da Rede Municipal de Ensino.";"";"http://cme.manaus.am.gov.br/wp-content/uploads/2014/04/Parecer-n.-001-CME-2008.pdf";"Parecer nº 001/CME/2008"
"cme_manaus-parecer-22";"http://cme.manaus.am.gov.br/pareceres/pareceres-2008";"parecer";"003/2008";"2008";"";"";"";"Autorização para Implantação do Programa de Formação de Professores Indígenas do Município de Manaus.";"";"http://cme.manaus.am.gov.br/wp-content/uploads/2014/04/Parecer-n.-003-CME-2008.pdf";"Parecer nº 003/CME/2008"
"cme_manaus-parecer-23";"http://cme.manaus.am.gov.br/pareceres/pareceres-2008";"parecer";"005/2008";"2008";"";"";"";"Proposta Pedagógica – Creches Municipais";"";"http://cme.manaus.am.gov.br/wp-content/uploads/2014/04/Parecer-n.-005-CME-2008.pdf";"Parecer nº 005/CME/2008"
"cme_manaus-parecer-24";"http://cme.manaus.am.gov.br/pareceres/pareceres-2008";"parecer";"009/2008";"2008";"";"";"";"Orientações Pedagógicas 2007";"";"http://cme.manaus.am.gov.br/wp-content/uploads/2014/04/Parecer-n.-009-CME-2008.pdf";"Parecer nº 009/CME/2008"
"cme_manaus-parecer-25";"http://cme.manaus.am.gov.br/pareceres/pareceres-2008";"parecer";"010/2008";"2008";"";"";"";"Regimento Geral das Escolas Municipais da Rede Municipal de Ensino de Manaus.";"";"http://cme.manaus.am.gov.br/wp-content/uploads/2014/04/Parecer-n.-010-CME-2008.pdf";"Parecer nº 010/CME/2008"
"cme_manaus-parecer-26";"http://cme.manaus.am.gov.br/pareceres/pareceres-2008";"parecer";"017/2008";"2008";"";"";"";"Propositura de Regimento Interno adequado às novas alterações da Lei vigente.";"";"http://cme.manaus.am.gov.br/wp-content/uploads/2014/04/Parecer-n.-017-CME-2008.pdf";"Parecer nº 017/CME/2008"
"cme_manaus-parecer-27";"http://cme.manaus.am.gov.br/pareceres/pareceres-2008";"parecer";"018/2008";"2008";"";"";"";"Aplicabilidade da Lei Nº 10.639/03 – Implantação das Diretrizes Curriculares Nacionais para a Educação das Relações Étnico-Raciais – Aprovação da Proposta Curricular do 6º ao 9º ano do Ensino Fundamental na Rede Municipal de Ensino.";"";"http://cme.manaus.am.gov.br/wp-content/uploads/2014/04/Parecer-n.-018-CME-2008.pdf";"Parecer nº 018/CME/2008"
"cme_manaus-parecer-28";"http://cme.manaus.am.gov.br/pareceres-2009";"parecer";"001/2009";"2009";"";"";"";"Estabelecimento de normas complementares para a implementação da Lei Federal nº 10.639/2003 de 09/01/2003, que altera a LDB nº 9.394/1996 de 20/12/1996 para todo o Sistema Municipal de Ensino.";"";"http://cme.manaus.am.gov.br/wp-content/uploads/2014/04/Parecer-n.-001-CME-2009.pdf";"Parecer nº 001/CME/2009"
"cme_manaus-parecer-29";"http://cme.manaus.am.gov.br/pareceres-2009";"parecer";"002/2009";"2009";"";"";"";"Apreciação do Estatuto do Conselho Escolar das Escolas da Rede Municipal de Ensino – Alterado no Cartório.";"";"http://cme.manaus.am.gov.br/wp-content/uploads/2014/04/Parecer-n.-002-CME-2009.pdf";"Parecer nº 002/CME/2009"
"cme_manaus-parecer-30";"http://cme.manaus.am.gov.br/pareceres-2009";"parecer";"006/2009";"2009";"";"";"";"Aprovação da Proposta Curricular do Ensino Fundamental do 1° ao 5° ano.";"";"http://cme.manaus.am.gov.br/wp-content/uploads/2014/04/Parecer-n.-006-CME-2009.pdf";"Parecer nº 006/CME/2009"
"cme_manaus-parecer-31";"http://cme.manaus.am.gov.br/pareceres-2009";"parecer";"008/2009";"2009";"";"";"";"Aprovação da Estrutura Curricular do Ensino Fundamental de 9 anos.";"";"http://cme.manaus.am.gov.br/wp-content/uploads/2014/04/Parecer-n.-008-CME-2009.pdf";"Parecer nº 008/CME/2009"
"cme_manaus-parecer-32";"http://cme.manaus.am.gov.br/pareceres-2010/";"parecer";"002/2010";"2010";"";"";"";"Análise da Nova Proposta Curricular da Educação de Jovens e Adultos – EJA / 1º Segmento.";"";"http://cme.manaus.am.gov.br/wp-content/uploads/2013/03/Parecer-n.-002-CME-20101.pdf";"Parecer nº 002/CME/2010"
"cme_manaus-parecer-33";"http://cme.manaus.am.gov.br/pareceres-2010/";"parecer";"004/2010";"2010";"";"";"";"Reformulação do Regimento Interno.";"";"http://cme.manaus.am.gov.br/wp-content/uploads/2013/03/Parecer-n.-004-CME-2010.pdf";"Parecer nº 004/CME/2010"
"cme_manaus-parecer-34";"http://cme.manaus.am.gov.br/pareceres-2010/";"parecer";"005/2010";"2010";"";"";"";"Proposta Curricular da Educação Infantil – Creche e Pré – Escola.";"";"http://cme.manaus.am.gov.br/wp-content/uploads/2013/03/Parecer-n.-005-CME-2010.pdf";"Parecer nº 005/CME/2010"
"cme_manaus-parecer-35";"http://cme.manaus.am.gov.br/pareceres-2010/";"parecer";"006/2010";"2010";"";"";"";"Alteração da Resolução n. 005/CME/1998.";"";"http://cme.manaus.am.gov.br/wp-content/uploads/2013/03/Parecer-n.-006-CME-2010.pdf";"Parecer nº 006/CME/2010"
"cme_manaus-parecer-36";"http://cme.manaus.am.gov.br/pareceres-2010/";"parecer";"007/2010";"2010";"";"";"";"Redimensionamento da Proposta Curricular de 1º ao 5º ano do Ensino Fundamental – Plano de Implementação do Ensino Fundamental de nove anos.";"";"http://cme.manaus.am.gov.br/wp-content/uploads/2013/03/Parecer-n.-007-CME-2010.pdf";"Parecer nº 007/CME/2010"
"cme_manaus-parecer-37";"http://cme.manaus.am.gov.br/pareceres-2010/";"parecer";"009/2010";"2010";"";"";"";"Plano de Implementação do Ensino Fundamental de 9 anos e Proposta Curricular do Ensino Fundamental do 6º ao 9 º ano.";"";"http://cme.manaus.am.gov.br/wp-content/uploads/2013/03/Parecer-n.-009-CME-2010.pdf";"Parecer nº 009/CME/2010"
"cme_manaus-parecer-38";"http://cme.manaus.am.gov.br/pareceres-2011/";"parecer";"001/2011";"2011";"";"";"";"Apreciação de Exposição de Motivos para o não cumprimento, em caráter excepcional, da Resolução n. 010/2010-CME/MANAUS.";"";"http://cme.manaus.am.gov.br/wp-content/uploads/2013/03/Parecer-n.-001-CME-2011.pdf";"Parecer nº 001/CME/2011"
"cme_manaus-parecer-39";"http://cme.manaus.am.gov.br/pareceres-2011/";"parecer";"002/2011";"2011";"";"";"";"Minuta de Decreto que dispõe sobre funcionamento de escolas indígenas e criação da categoria de professores indígenas no âmbito do Sistema de Ensino Municipal.";"";"http://cme.manaus.am.gov.br/wp-content/uploads/2013/03/Parecer-n.-002-CME-2011.pdf";"Parecer nº 002/CME/2011"
"cme_manaus-parecer-40";"http://cme.manaus.am.gov.br/pareceres-2011/";"parecer";"003/2011";"2011";"";"";"";"Regulamentação da Lei n. 11645/2008 para o Sistema Municipal de Ensino.";"";"http://cme.manaus.am.gov.br/wp-content/uploads/2013/03/Parecer-n.-003-CME-2011.pdf";"Parecer nº 003/CME/2011"
"cme_manaus-parecer-41";"http://cme.manaus.am.gov.br/pareceres-2011/";"parecer";"005/2011";"2011";"";"";"";"Regularização de Cursos do Ensino Fundamental da Rede Municipal de Ensino de Manaus.";"";"http://cme.manaus.am.gov.br/wp-content/uploads/2013/03/Parecer-n.-005-CME-2011.pdf";"Parecer nº 005/CME/2011"
"cme_manaus-parecer-42";"http://cme.manaus.am.gov.br/pareceres-2011/";"parecer";"006/2011";"2011";"";"";"";"Atualização das Resoluções n. 002/CME/1998, 013/CME/1999 e 003/CME/2000, que dispõem sobre Progressão Parcial.";"";"http://cme.manaus.am.gov.br/wp-content/uploads/2013/03/Parecer-n.-006-CME-2011.pdf";"Parecer nº 006/CME/2011"
"cme_manaus-parecer-43";"http://cme.manaus.am.gov.br/pareceres-2011/";"parecer";"007/2011";"2011";"";"";"";"Instituição da Medalha de Mérito Educacional e a Placa de Condecoração em âmbito Municipal.";"";"http://cme.manaus.am.gov.br/wp-content/uploads/2013/03/Parecer-n.-007-CME-2011.pdf";"Parecer nº 007/CME/2011"
"cme_manaus-parecer-44";"http://cme.manaus.am.gov.br/pareceres-2011/";"parecer";"008/2011";"2011";"";"";"";"Sugestões para alteração da Resolução n.05/2003/CME, encaminhado pelo Departamento de Gestão Educacional/SEMED/Manaus.";"";"http://cme.manaus.am.gov.br/wp-content/uploads/2013/03/Parecer-n.-008-CME-2011.pdf";"Parecer nº 008/CME/2011"
"cme_manaus-parecer-45";"http://cme.manaus.am.gov.br/pareceres-2011/";"parecer";"009/2011";"2011";"";"";"";"Convalidação da Resolução n. 004/CME/GS/2002 que aprovou a proposta metodológica      SESI/EDUCA na Rede Municipal de Ensino.";"";"http://cme.manaus.am.gov.br/wp-content/uploads/2013/03/Parecer-n.-009-CME-2011.pdf";"Parecer nº 009/CME/2011"
"cme_manaus-parecer-46";"http://cme.manaus.am.gov.br/pareceres-2011/";"parecer";"010/2011";"2011";"";"";"";"Atualização da Resolução n. 004/CME/2001, que trata da Educação de Jovens e Adultos – EJA.";"";"http://cme.manaus.am.gov.br/wp-content/uploads/2013/03/Parecer-n.-010-CME-2011.pdf";"Parecer nº 010/CME/2011"
"cme_manaus-parecer-47";"http://cme.manaus.am.gov.br/pareceres-2011/";"parecer";"011/2011";"2011";"";"";"";"Regimento Geral das Unidades de Ensino da Rede Pública Municipal de Manaus.";"";"http://cme.manaus.am.gov.br/wp-content/uploads/2013/03/Parecer-n.-011-CME-2011.pdf";"Parecer nº 011/CME/2011"
"cme_manaus-parecer-48";"http://cme.manaus.am.gov.br/pareceres-2012/";"parecer";"004/2012";"2012";"";"";"";"Processo de Avaliação Ensino – Aprendizagem.";"";"http://cme.manaus.am.gov.br/wp-content/uploads/2013/04/Parecer-n.-004-CME-20122.pdf";"Parecer nº 004/CME/2012"
"cme_manaus-parecer-49";"http://cme.manaus.am.gov.br/pareceres-2012/";"parecer";"007/2012";"2012";"";"";"";"Regimento Geral das Unidades de Ensino da Rede Pública Municipal.";"";"http://cme.manaus.am.gov.br/wp-content/uploads/2013/04/Parecer-n.-007-CME-20121.pdf";"Parecer nº 007/CME/2012"
"cme_manaus-parecer-50";"http://cme.manaus.am.gov.br/pareceres-2012/";"parecer";"012/2012";"2012";"";"";"";"Posicionamento sobre o efetivo Trabalho Escolar.";"";"http://cme.manaus.am.gov.br/wp-content/uploads/2013/04/Parecer-n.-012-CME-20121.pdf";"Parecer nº 012/CME/2012"
"cme_manaus-parecer-51";"http://cme.manaus.am.gov.br/pareceres-2012/";"parecer";"018/2012";"2012";"";"";"";"Apreciação e aprovação da Proposta Pedagógica do Ensino Fundamental na modalidade de Educação de Jovens e Adultos – EJA, 2ºSegmento (6º ao 9º ano).";"";"http://cme.manaus.am.gov.br/wp-content/uploads/2013/04/Parecer-n.-018-CME-20121.pdf";"Parecer nº 018/CME/2012"
"cme_manaus-parecer-52";"http://cme.manaus.am.gov.br/pareceres-2012/";"parecer";"022/2012";"2012";"";"";"";"Novo Parecer: Programa Aceleração da Aprendizagem.";"";"http://cme.manaus.am.gov.br/wp-content/uploads/2013/04/Parecer-n.-022-CME-20121.pdf";"Parecer nº 022/CME/2012"
"cme_manaus-parecer-53";"http://cme.manaus.am.gov.br/pareceres-2013";"parecer";"009/2013";"2013";"";"";"";"Proposta Pedagógica do Programa Municipal de Escolarização do Adulto e da Pessoa Idosa – PROMEAPI";"";"http://cme.manaus.am.gov.br/wp-content/uploads/2014/05/Parecer-n.-009-CME-2013.pdf";"Parecer nº 009/CME/2013"
"cme_manaus-parecer-54";"http://cme.manaus.am.gov.br/pareceres-2013";"parecer";"021/2013";"2013";"";"";"";"Revogação da Resolução n. 011/CME/2000";"";"http://cme.manaus.am.gov.br/wp-content/uploads/2014/05/Parecer-n.-021-CME-2013.pdf";"Parecer nº 021/CME/2013"
"cme_manaus-parecer-55";"http://cme.manaus.am.gov.br/pareceres-2013";"parecer";"023/2013";"2013";"";"";"";"Atualização da Resolução n. 002/CME/2008 que estabelece normas para a admissão dos docentes da disciplina Ensino Religioso no Sistema Municipal de Ensino";"";"http://cme.manaus.am.gov.br/wp-content/uploads/2014/05/Parecer-n.-023-CME-2013.pdf";"Parecer nº 023/CME/2013"
"cme_manaus-parecer-56";"http://cme.manaus.am.gov.br/pareceres-2013";"parecer";"026/2013";"2013";"";"";"";"Provão Eletrônico – Proposta de Estrutura e Funcionamento do Exame Supletivo em Nível de Ensino Fundamental nos Anos Finais da Educação de Jovens e Adultos Segundo Segmento";"";"http://cme.manaus.am.gov.br/wp-content/uploads/2014/05/Parecer-n.-026-CME-2013.pdf";"Parecer nº 026/CME/2013"
"cme_manaus-parecer-57";"http://cme.manaus.am.gov.br/pareceres-2013";"parecer";"028/2013";"2013";"";"";"";"Inclusão da temática Educação Fiscal nos níveis e modalidades de ensino";"";"http://cme.manaus.am.gov.br/wp-content/uploads/2014/05/Parecer-n.-028-CME-2013.pdf";"Parecer nº 028/CME/2013"
"cme_manaus-parecer-58";"http://cme.manaus.am.gov.br/pareceres-2013";"parecer";"029/2013";"2013";"";"";"";"Proposta da Estrutura Curricular do Ensino Fundamental de 9 (nove) Anos com um Bloco Pedagógico nos Três Anos Iniciais.";"";"http://cme.manaus.am.gov.br/wp-content/uploads/2014/05/Parecer-n.-029-CME-2013.pdf";"Parecer nº 029/CME/2013"
"cme_manaus-parecer-59";"http://cme.manaus.am.gov.br/pareceres-2013";"parecer";"030/2013";"2013";"";"";"";"Proposta Curricular do Ensino Fundamental (Anos Finais)";"";"http://cme.manaus.am.gov.br/wp-content/uploads/2014/05/Parecer-n.-030-CME-2013.pdf";"Parecer nº 030/CME/2013"
"cme_manaus-parecer-60";"http://cme.manaus.am.gov.br/pareceres-2013";"parecer";"033/2013";"2013";"";"";"";"Proposta de Reestruturação do Projeto Educação Itinerante do Ensino Fundamental (anos finais) e minuta de Resolução do Projeto.";"";"http://cme.manaus.am.gov.br/wp-content/uploads/2014/05/Parecer-n.-033-CME-2013.pdf";"Parecer nº 033/CME/2013"
"cme_manaus-parecer-61";"http://cme.manaus.am.gov.br/pareceres-2013";"parecer";"036/2013";"2013";"";"";"";"Apreciação e Aprovação da Minuta da Resolução e da Proposta Pedagógica das Unidades de Ensino de Tempo Integral – Turno Único da Rede Pública Municipal de Educação";"";"http://cme.manaus.am.gov.br/wp-content/uploads/2014/05/Parecer-n.-036-CME-2013.pdf";"Parecer nº 036/CME/2013"
"cme_manaus-parecer-62";"http://cme.manaus.am.gov.br/pareceres-2013";"parecer";"037/2013";"2013";"";"";"";"Análise do Termo de Compromisso Municipal do Programa Saúde na Escola (PSE), firmado entre a SEMSA e SEMED";"";"http://cme.manaus.am.gov.br/wp-content/uploads/2014/05/Parecer-n.-037-CME-2013.pdf";"Parecer nº 037/CME/2013"
"cme_manaus-parecer-63";"http://cme.manaus.am.gov.br/atos-normativos/pareceres/pareceres-2014";"parecer";"001/2014";"06/02/14";"";"";"";"Análise da Proposta Pedagógico-Curricular da Educação Infantil.";"";"http://cme.manaus.am.gov.br/wp-content/uploads/2015/04/Parecer-n.-001-CME-2014.pdf";"Parecer nº 001/CME/2014"
"cme_manaus-parecer-64";"http://cme.manaus.am.gov.br/atos-normativos/pareceres/pareceres-2014";"parecer";"005/2014";"13/03/14";"";"";"";"Proposta de alteração da Resolução n. 024/CME/2013 do Projeto Educação Itinerante.";"";"http://cme.manaus.am.gov.br/wp-content/uploads/2015/04/Parecer-n.-005-CME-2014.pdf";"Parecer nº 005/CME/2014"
"cme_manaus-parecer-65";"http://cme.manaus.am.gov.br/atos-normativos/pareceres/pareceres-2014";"parecer";"006/2014";"13/03/14";"";"";"";"Análise da minuta de alteração da Resolução nº 006/CME/2011.";"";"http://cme.manaus.am.gov.br/wp-content/uploads/2015/04/Parecer-n.-006-CME-2014.pdf";"Parecer nº 006/CME/2014"
"cme_manaus-parecer-66";"http://cme.manaus.am.gov.br/atos-normativos/pareceres/pareceres-2014";"parecer";"007/2014";"13/03/14";"";"";"";"Alteração da Resolução n. 033/CME/2013.";"";"http://cme.manaus.am.gov.br/wp-content/uploads/2015/04/Parecer-n.-007-CME-2014.pdf";"Parecer nº 007/CME/2014"
"cme_manaus-parecer-67";"http://cme.manaus.am.gov.br/atos-normativos/pareceres/pareceres-2014";"parecer";"011/2014";"10/04/14";"";"";"";"Resolução que altera a Resolução n. 018/CME/2012, que aprovou a Proposta Pedagógica do Programa Aceleração da Aprendizagem: Voando para o Sucesso da SEMED/MANAUS e ampliou o atendimento aos estudantes na faixa de 10 a 14 anos.";"";"http://cme.manaus.am.gov.br/wp-content/uploads/2015/04/Parecer-n.-011-CME-2014.pdf";"Parecer nº 011/CME/2014"
"cme_manaus-parecer-68";"http://cme.manaus.am.gov.br/atos-normativos/pareceres/pareceres-2014";"parecer";"047/2014";"15/12/14";"";"";"";"Nova Proposta Pedagógica da Educação de Jovens e Adultos – 2º Segmento (6º ao 9º Ano) do Ensino Fundamental, com Inclusão da disciplina de Informática na parte diversificada de sua Estrutura Curricular.";"";"http://cme.manaus.am.gov.br/wp-content/uploads/2015/04/Parecer-n.-047-CME-2014.pdf";"Parecer nº 047/CME/2014"
"cme_manaus-parecer-69";"http://cme.manaus.am.gov.br/atos-normativos/pareceres/pareceres-2015/";"parecer";"005/2015";"28/05/15";"";"";"";"Orientações Pedagógicas";"";"http://cme.manaus.am.gov.br/wp-content/uploads/2015/12/Parecer-n.005.CME_.2015-Orientações-Pedagógicas-Educação-Infantil.pdf";"Parecer nº 005/CME/2015"
"cme_manaus-parecer-70";"http://cme.manaus.am.gov.br/atos-normativos/pareceres/pareceres-2015/";"parecer";"010/2015";"18/06/15";"";"";"";"Elaboração de Resolução sobre a obrigatoriedade do Ensino de Música no Sistema Municipal de Educação de Manaus.";"";"http://cme.manaus.am.gov.br/wp-content/uploads/2015/12/Parecer-n.010.CME_.2015-Ensino-de-Música-no-Sistema-Municipal.pdf";"Parecer nº 010/CME/2015"
"cme_manaus-parecer-71";"http://cme.manaus.am.gov.br/atos-normativos/pareceres/pareceres-2015/";"parecer";"021/2015";"18/06/15";"";"";"";"Altera os critérios e normas para Organização, Credenciamento de Instituições Educacionais Públicas e Privadas, Autorização de Funcionamento e Renovação de Autorização da Educação Infantil e suas fases do Sistema Municipal de Ensino";"";"http://cme.manaus.am.gov.br/wp-content/uploads/2015/12/Parecer-n.021.CME_.2015-Altera-os-critérios-de-credenciamento-e-autorização-de-funcionamento-da-Educação-Infantil.pdf";"Parecer nº 021/CME/2015"
"cme_manaus-parecer-72";"http://cme.manaus.am.gov.br/atos-normativos/pareceres/pareceres-2015/";"parecer";"022/2015";"27/07/15";"";"";"";"Minuta de Resolução para definição das Diretrizes Curriculares e Estabelecimento de Normas para a Oferta e Funcionamento da Educação Infantil na Rede Pública Municipal de Ensino de Manaus.";"";"http://cme.manaus.am.gov.br/wp-content/uploads/2015/12/Parecer-n.022.CME_.2015-Orientações-Curriculares-para-a-Educação-Infantil.pdf";"Parecer nº 022/CME/2015"
"cme_manaus-parecer-73";"http://cme.manaus.am.gov.br/atos-normativos/pareceres/pareceres-2016/";"parecer";"002/2016";"18/02/16";"";"";"";"Proposta Pedagógica Curricular de Educação Infantil do Município de Manaus.";"";"http://cme.manaus.am.gov.br/wp-content/uploads/2016/12/Parecer-n.002-CME-2016.pdf";"Parecer nº 002/CME/2016"
"cme_manaus-parecer-74";"http://cme.manaus.am.gov.br/atos-normativos/pareceres/pareceres-2016/";"parecer";"009/2016";"05/05/16";"";"";"";"Minuta de Alteração da Resolução nº 006/CME/2010 que estabelece normas, diretrizes e princípios aplicáveis a Educação Básica no Sistema Municipal de Ensino de Manaus, a partir do regime instituído pela Lei nº 9.394/96.";"";"http://cme.manaus.am.gov.br/wp-content/uploads/2016/12/Parecer-n.009-CME-2016.pdf";"Parecer nº 009/CME/2016"
"cme_manaus-parecer-75";"http://cme.manaus.am.gov.br/atos-normativos/pareceres/pareceres-2016/";"parecer";"016/2016";"02/06/16";"";"";"";"Minuta de Alteração da Resolução nº 010/CME/2011 que institui os procedimentos e orientações para Educação Especial na perspectiva da Educação Inclusiva no Sistema Municipal de Ensino de Manaus.";"";"http://cme.manaus.am.gov.br/wp-content/uploads/2016/12/Parecer-n.016-CME-2016.pdf";"Parecer nº 016/CME/2016"
"cme_manaus-parecer-76";"http://cme.manaus.am.gov.br/atos-normativos/pareceres/pareceres-2016/";"parecer";"025/2016";"25/08/16";"";"";"";"Proposta Pedagógica – Educação em Tempo Integral.";"";"http://cme.manaus.am.gov.br/wp-content/uploads/2016/12/Parecer-n.025-CME-2016.pdf";"Parecer nº 025/CME/2016"
"cme_manaus-parecer-77";"http://cme.manaus.am.gov.br/atos-normativos/pareceres/pareceres-2016/";"parecer";"033/2016";"13/10/16";"";"";"";"Proposta Pedagógica da Educação de Jovens e Adultos – Primeiro Segmento";"";"http://cme.manaus.am.gov.br/wp-content/uploads/2016/12/Parecer-n.033-CME-2016.pdf";"Parecer nº 033/CME/2016"
"cme_manaus-parecer-78";"http://cme.manaus.am.gov.br/atos-normativos/pareceres/pareceres-2016/";"parecer";"034/2016";"13/10/16";"";"";"";"Proposta Pedagógica da Educação de Jovens e Adultos – Segundo Segmento.";"";"http://cme.manaus.am.gov.br/wp-content/uploads/2016/12/Parecer-n.034-CME-2016.pdf";"Parecer nº 034/CME/2016"
"cme_manaus-parecer-79";"http://cme.manaus.am.gov.br/atos-normativos/pareceres/pareceres-2016/";"parecer";"039/2016";"27/10/16";"";"";"";"Dispõe sobre as “Orientações Pedagógicas/2015 – Instituto Ayrton Senna – Programas de Correção de Fluxo: Se Liga e Acelera Brasil”, em substituição aos Programas de Correção de Fluxo e Atualização da Regulamentação.";"";"http://cme.manaus.am.gov.br/wp-content/uploads/2016/12/Parecer-n.039-CME-2016.pdf";"Parecer nº 039/CME/2016"
"cme_manaus-parecer-80";"http://cme.manaus.am.gov.br/atos-normativos/pareceres/pareceres-2017-5/";"parecer";"001/2017";"09/03/17";"";"";"";"Solicitação de informações sobre ações relativas às Diretrizes Nacionais para a Educação em Direitos Humanos";"";"http://cme.manaus.am.gov.br/wp-content/uploads/2017/04/Parecer-n.001-CME-2017.pdf";"Parecer nº 001/CME/2017"
"cme_manaus-parecer-81";"http://cme.manaus.am.gov.br/atos-normativos/pareceres/pareceres-2017-5/";"parecer";"028/2017";"22/06/17";"";"";"";"Diretriz Pedagógica para Educação do Campo da Rede Municipal de Ensino de Manaus";"";"http://cme.manaus.am.gov.br/wp-content/uploads/2018/04/Parecer-n.-028-CME-2017.pdf";"Parecer nº 028/CME/2017"
"cme_manaus-parecer-82";"http://cme.manaus.am.gov.br/atos-normativos/pareceres/pareceres-2017-5/";"parecer";"040/2017";"26/10/17";"";"";"";"Alteração da Resolução nº 005/CME/2011";"";"http://cme.manaus.am.gov.br/wp-content/uploads/2018/04/Parecer-n.-040-CME-2017.pdf";"Parecer nº 040/CME/2017"
"cme_manaus-parecer-83";"http://cme.manaus.am.gov.br/atos-normativos/pareceres/pareceres-2017-5/";"parecer";"054/2017";"18/12/17";"";"";"";"Aprovação da Proposta de Educação Integral";"";"http://cme.manaus.am.gov.br/wp-content/uploads/2018/04/Parecer-n.-054-CME-2017.pdf";"Parecer nº 054/CME/2017"
"cme_manaus-parecer-84";"http://cme.manaus.am.gov.br/atos-normativos/pareceres/pareceres-2018-2/";"parecer";"019/2018";"24/05/18";"";"";"";"Análise e Aprovação da Proposta Pedagógica do Programa Municipal de Escolarização do Adulto e da Pessoa Idosa – PROMEAPI";"";"http://cme.manaus.am.gov.br/wp-content/uploads/2019/03/PARECER-n.-019-CME-2018.pdf";"Parecer nº 019/CME/2018"
"cme_manaus-parecer-85";"http://cme.manaus.am.gov.br/atos-normativos/pareceres/pareceres-2018-2/";"parecer";"034/2018";"13/09/18";"";"";"";"Diretrizes Pedagógicas da Educação Escolar Indígena do Município de Manaus.";"";"http://cme.manaus.am.gov.br/wp-content/uploads/2019/03/PARECER-n.-034-CME-2018.pdf";"Parecer nº 034/CME/2018"
"cme_manaus-parecer-86";"http://cme.manaus.am.gov.br/atos-normativos/pareceres/pareceres-2018-2/";"parecer";"040/2018";"11/10/18";"";"";"";"Alteração da Resolução N. 009/CME/2015 que altera os critérios e normas para organização, credenciamento de instituições educacionais públicas e privadas, autorização de funcionamento e renovação de autorização da educação infantil e suas fases no Sistema Municipal de Ensino de Manaus.";"";"http://cme.manaus.am.gov.br/wp-content/uploads/2019/03/PARECER-n.-040-CME-2018.pdf";"Parecer nº 040/CME/2018"
"cme_manaus-parecer-87";"http://cme.manaus.am.gov.br/atos-normativos/pareceres/pareceres-2018-2/";"parecer";"051/2018";"29/11/18";"";"";"";"Aprovação de Resolução que estabelece ações pedagógicas para as atividades extraclasses e o estudo monitorado.";"";"http://cme.manaus.am.gov.br/wp-content/uploads/2019/03/PARECER-n.-051-CME-2018.pdf";"Parecer nº 051/CME/2018"
"cme_manaus-parecer-88";"http://cme.manaus.am.gov.br/atos-normativos/pareceres/pareceres-2018-2/";"parecer";"068/2018";"20/12/18";"";"";"";"Proposta Pedagógica da Educação de Jovens e Adultos – EJA – Semipresencial – 2º Segmento (6º ao 9º ano) do Ensino Fundamental.";"";"http://cme.manaus.am.gov.br/wp-content/uploads/2019/03/PARECER-n.-068-CME-2018.pdf";"Parecer nº 068/CME/2018"
"cme_manaus-resolucao-1";"http://cme.manaus.am.gov.br/resolucoes-1998";"resolucao";"001/1998";"08/01/98";"";"";"";"Dispõe sobre procedimentos e orientações a serem observados pelas escolas da Rede Municipal de Ensino a partir de 1998.";"";"http://cme.manaus.am.gov.br/wp-content/uploads/2014/04/Resolução-001-CME-19983.pdf";"Resolução nº 001/CME/1998"
"cme_manaus-resolucao-2";"http://cme.manaus.am.gov.br/resolucoes-1998";"resolucao";"002/1998";"15/01/98";"";"";"";"Regulamenta a matrícula com Progressão Parcial a partir da 6ª série.";"";"http://cme.manaus.am.gov.br/wp-content/uploads/2014/04/Resolução-002-CME-19982.pdf";"Resolução nº 002/CME/1998"
"cme_manaus-resolucao-3";"http://cme.manaus.am.gov.br/resolucoes-1998";"resolucao";"003/1998";"21/01/98";"";"";"";"Regulamenta o Regimento de Progressão Continuada e dá outras providencias.";"";"http://cme.manaus.am.gov.br/wp-content/uploads/2014/04/Resolução-003-CME-19981.pdf";"Resolução nº 003/CME/1998"
"cme_manaus-resolucao-4";"http://cme.manaus.am.gov.br/resolucoes-1998";"resolucao";"004/1998";"05/03/98";"";"";"";"Regulamenta a implantação da Educação Infantil na Rede Municipal de Ensino e dá outras providências.";"";"http://cme.manaus.am.gov.br/wp-content/uploads/2014/04/Resolução-004-CME-19981.pdf";"Resolução nº 004/CME/1998"
"cme_manaus-resolucao-5";"http://cme.manaus.am.gov.br/resolucoes-1998";"resolucao";"005/1998";"16/04/98";"";"";"";"Regulamenta a implantação da Lei nº 9394/96, no Sistema Municipal de Educação a partir de 1998.";"";"http://cme.manaus.am.gov.br/wp-content/uploads/2014/04/Resolução-005-CME-19981.pdf";"Resolução nº 005/CME/1998"
"cme_manaus-resolucao-6";"http://cme.manaus.am.gov.br/resolucoes-1998";"resolucao";"006/1998";"23/04/98";"";"";"";"Fixa procedimentos para o cumprimento do disposto no Art. 6º da Resolução nº 04/CME/98.";"";"http://cme.manaus.am.gov.br/wp-content/uploads/2014/04/Resolução-006-CME-19981.pdf";"Resolução nº 006/CME/1998"
"cme_manaus-resolucao-7";"http://cme.manaus.am.gov.br/resolucoes-1998";"resolucao";"007/1998";"23/04/98";"";"";"";"Regulamenta a prática da Educação Física e dá outras providências.";"";"http://cme.manaus.am.gov.br/wp-content/uploads/2014/04/Resolução-007-CME-19982.pdf";"Resolução nº 007/CME/1998"
"cme_manaus-resolucao-8";"http://cme.manaus.am.gov.br/resolucoes-1998";"resolucao";"008/1998";"02/07/98";"";"";"";"Regulamenta, em caráter experimental, a Avaliação do Rendimento do Projeto Avaliação e Promoção Continuada – APC.";"";"http://cme.manaus.am.gov.br/wp-content/uploads/2014/04/Resolução-008-CME-19981.pdf";"Resolução nº 008/CME/1998"
"cme_manaus-resolucao-9";"http://cme.manaus.am.gov.br/resolucoes-1998";"resolucao";"009/1998";"06/08/98";"";"";"";"Aprova o Regimento Geral das Escolas da Rede Municipal.";"";"http://cme.manaus.am.gov.br/wp-content/uploads/2014/04/Resolução-009-CME-1998.pdf";"Resolução nº 009/CME/1998"
"cme_manaus-resolucao-10";"http://cme.manaus.am.gov.br/resolucoes-1998";"resolucao";"010/1998";"10/09/98";"";"";"";"Estabelece critérios de transição para implantação da disciplina Ensino Religioso.";"";"http://cme.manaus.am.gov.br/wp-content/uploads/2014/04/Resolução-010-CME-1998.pdf";"Resolução nº 010/CME/1998"
"cme_manaus-resolucao-11";"http://cme.manaus.am.gov.br/resolucoes-1998";"resolucao";"011/1998";"08/10/98";"";"";"";"Estabelece normas para regularização de Cursos, e Estabelecimento de Ensino de Educação Básica nas modalidades, Educação Infantil, Ensino Fundamental e dá outras providências.";"";"http://cme.manaus.am.gov.br/wp-content/uploads/2014/04/Resolução-011-CME-1998.pdf";"Resolução nº 011/CME/1998"
"cme_manaus-resolucao-12";"http://cme.manaus.am.gov.br/atos-normativos/resolucoes/resolucoes-1999";"resolucao";"012/1999";"1999";"";"";"";"Dispõe sobre os critérios adotados para Indicação de Secretário de unidades Escolares e dá outras providências.";"";"http://cme.manaus.am.gov.br/wp-content/uploads/2013/12/Resolução-012-CME-1999.pdf";"Resolução nº 012/CME/1999"
"cme_manaus-resolucao-13";"http://cme.manaus.am.gov.br/atos-normativos/resolucoes/resolucoes-1999";"resolucao";"013/1999";"1999";"";"";"";"Dá nova redação ao Art. 3º da Resolução nº 02/CME/99.";"";"http://cme.manaus.am.gov.br/wp-content/uploads/2013/12/Resolução-013-CME-19991.pdf";"Resolução nº 013/CME/1999"
"cme_manaus-resolucao-14";"http://cme.manaus.am.gov.br/atos-normativos/resolucoes/resolucoes-1999";"resolucao";"015/1999";"1999";"";"";"";"Aprova o Projeto Aceleração da Aprendizagem.";"";"http://cme.manaus.am.gov.br/wp-content/uploads/2013/12/Resolução-015-CME-19991.pdf";"Resolução nº 015/CME/1999"
"cme_manaus-resolucao-15";"http://cme.manaus.am.gov.br/atos-normativos/resolucoes/resolucoes-1999";"resolucao";"016/1999";"1999";"";"";"";"Aprova o Projeto Avaliação Educacional.";"";"http://cme.manaus.am.gov.br/wp-content/uploads/2013/12/Resolução-016-CME-19991.pdf";"Resolução nº 016/CME/1999"
"cme_manaus-resolucao-16";"http://cme.manaus.am.gov.br/atos-normativos/resolucoes/resolucoes-1999";"resolucao";"017/1999";"1999";"";"";"";"Regulamenta a prorrogação do mandato dos atuais Conselheiros do Conselho Municipal de Educação.";"";"http://cme.manaus.am.gov.br/wp-content/uploads/2013/12/Resolução-017-CME-19991.pdf";"Resolução nº 017/CME/1999"
"cme_manaus-resolucao-17";"http://cme.manaus.am.gov.br/atos-normativos/resolucoes/resolucoes-2000";"resolucao";"003/2000";"2000";"";"";"";"Revoga o Art. 4º da Resolução 002/CME/98, que trata da frequência mínima de 75% para alunos em Regime de Progressão Parcial.";"";"http://cme.manaus.am.gov.br/wp-content/uploads/2013/12/Resolução-003-CME-20001.pdf";"Resolução nº 003/CME/2000"
"cme_manaus-resolucao-18";"http://cme.manaus.am.gov.br/atos-normativos/resolucoes/resolucoes-2000";"resolucao";"011/2000";"2000";"";"";"";"Regulamenta a matrícula de alunos de 5ª a 8ª séries do Ensino Fundamental que não obtiveram êxito entre 3 e 5 disciplina da série, podendo cursá-las, sem obrigatoriedade da frequência, nas demais já aprovadas.";"";"http://cme.manaus.am.gov.br/wp-content/uploads/2013/12/Resolução-011-CME-20001.pdf";"Resolução nº 011/CME/2000"
"cme_manaus-resolucao-19";"http://cme.manaus.am.gov.br/resolucoes-2001";"resolucao";"004/2001";"2001";"";"";"";"Normatiza a Educação de Jovens e Adultos no Sistema Municipal de Ensino.";"";"http://cme.manaus.am.gov.br/wp-content/uploads/2013/12/Resolução-004-CME-20011.pdf";"Resolução nº 004/CME/2001"
"cme_manaus-resolucao-20";"http://cme.manaus.am.gov.br/resolucoes-2001";"resolucao";"005/2001";"2001";"";"";"";"Revoga Resolução nº 004/CME/98, e atualiza a implantação da Educação Infantil na Rede Municipal de Ensino.";"";"http://cme.manaus.am.gov.br/wp-content/uploads/2013/12/Resolução-005-CME-2001.pdf";"Resolução nº 005/CME/2001"
"cme_manaus-resolucao-21";"http://cme.manaus.am.gov.br/resolucoes-2001";"resolucao";"007/2001";"2001";"";"";"";"Aprova o Projeto da I Conferência Municipal de Educação e dá outras providências.";"";"http://cme.manaus.am.gov.br/wp-content/uploads/2013/12/Resolução-007-CME-2001.pdf";"Resolução nº 007/CME/2001"
"cme_manaus-resolucao-22";"http://cme.manaus.am.gov.br/atos-normativos/resolucoes/resolucoes-2002";"resolucao";"004/2002";"2002";"";"";"";"Aprova na íntegra a implantação da Proposta Metodológica SESI/EDUCA na Rede Municipal de Ensino, no seguimento de 5ª a 8ª série do Ensino Fundamental, retroagindo seus efeitos a fevereiro de 2002.";"";"http://cme.manaus.am.gov.br/wp-content/uploads/2013/12/Resolução-004-CME-20021.pdf";"Resolução nº 004/CME/2002"
"cme_manaus-resolucao-23";"http://cme.manaus.am.gov.br/atos-normativos/resolucoes/resolucoes-2002";"resolucao";"006/2002";"2002";"";"";"";"Aprova o Projeto Classe Básica do Ensino Fundamental da Rede Municipal de Educação e dá outras providências.";"";"http://cme.manaus.am.gov.br/wp-content/uploads/2013/12/Resolução-006-CME-2002.pdf";"Resolução nº 006/CME/2002"
"cme_manaus-resolucao-24";"http://cme.manaus.am.gov.br/atos-normativos/resolucoes/resolucoes-2002";"resolucao";"007/2002";"2002";"";"";"";"Regulamenta a admissão dos docentes, da disciplina Ensino Religioso no Sistema Municipal de educação e dá outras providências.";"";"http://cme.manaus.am.gov.br/wp-content/uploads/2013/12/Resolução-007-CME-2002.pdf";"Resolução nº 007/CME/2002"
"cme_manaus-resolucao-25";"http://cme.manaus.am.gov.br/resolucoes-2003";"resolucao";"002/2003";"2003";"";"";"";"Dispõe sobre procedimentos e orientações a serem observados em relação aos critérios do Processo de Avaliação do Ensino/Aprendizagem no Sistema Municipal de Ensino de Manaus.";"";"http://cme.manaus.am.gov.br/wp-content/uploads/2013/12/Resolução-002-CME-20031.pdf";"Resolução nº 002/CME/2003"
"cme_manaus-resolucao-26";"http://cme.manaus.am.gov.br/resolucoes-2003";"resolucao";"005/2003";"2003";"";"";"";"Dispõe sobre procedimentos e orientações a serem observadas para oferta da Educação Especial no Sistema de Ensino Municipal a partir de 2003.";"";"http://cme.manaus.am.gov.br/wp-content/uploads/2013/12/Resolução-005-CME-2003.pdf";"Resolução nº 005/CME/2003"
"cme_manaus-resolucao-27";"http://cme.manaus.am.gov.br/resolucoes-2004";"resolucao";"003/2004";"2004";"";"";"";"Normatização do Programa Telecurso 2000 a partir do ano de 2003 para o alcance de seus objetivos na Educação de Jovens e Adultos da Zona Rural.";"";"http://cme.manaus.am.gov.br/wp-content/uploads/2013/12/Resolução-003-CME-2004.pdf";"Resolução nº 003/CME/2004"
"cme_manaus-resolucao-28";"http://cme.manaus.am.gov.br/resolucoes-2004";"resolucao";"004/2004";"2004";"";"";"";"Institui as Diretrizes para a Proposta de Ciclos de Formação Humana nas Escolas Municipais de Manaus.";"";"http://cme.manaus.am.gov.br/wp-content/uploads/2013/12/Resolução-004-CME-2004.pdf";"Resolução nº 004/CME/2004"
"cme_manaus-resolucao-29";"http://cme.manaus.am.gov.br/resolucoes-2005";"resolucao";"001/2005";"2005";"";"";"";"Aprovar o Plano de Aplicação dos Recursos Oriundos do Salário Educação repassados ao Município de Manaus para Manutenção do Ensino Fundamental da Secretaria Municipal de Educação e Cultura.";"";"http://cme.manaus.am.gov.br/wp-content/uploads/2013/12/Resolução-n.-001-CME-2005.pdf";"Resolução nº 001/CME/2005"
"cme_manaus-resolucao-30";"http://cme.manaus.am.gov.br/resolucoes-2005";"resolucao";"003/2005";"2005";"";"";"";"Autorizar o funcionamento do Projeto Educação Itinerante de 5ª a 8ª séries do Ensino Fundamental da Secretaria Municipal de Educação e Cultura, a contar do ano letivo de 2003.";"";"http://cme.manaus.am.gov.br/wp-content/uploads/2013/12/Resolução-n.-003-CME-2005.pdf";"Resolução nº 003/CME/2005"
"cme_manaus-resolucao-31";"http://cme.manaus.am.gov.br/resolucoes-2005";"resolucao";"004/2005";"2005";"";"";"";"Aprovar o modelo de Diário de Classe, apresentado pela Secretaria Municipal de Educação e Cultura, para o ano letivo de 2005.";"";"http://cme.manaus.am.gov.br/wp-content/uploads/2013/12/Resolução-n.-004-CME-2005.pdf";"Resolução nº 004/CME/2005"
"cme_manaus-resolucao-32";"http://cme.manaus.am.gov.br/resolucoes-2006";"resolucao";"001/2006";"2006";"";"";"";"Autorizar o Coordenador Geral do Projovem – Programa Nacional de Inclusão de Jovens: Educação, Qualificação e Ação Comunitária, no Município de Manaus, a expedir a certificação de conclusão do Ensino Fundamental aos aprovados no Programa.";"";"http://cme.manaus.am.gov.br/wp-content/uploads/2013/12/Resolução-n.-001-CME-2006.pdf";"Resolução nº 001/CME/2006"
"cme_manaus-resolucao-33";"http://cme.manaus.am.gov.br/resolucoes-2006";"resolucao";"004/2006";"2006";"";"";"";"Dá nova redação às Resoluções nº 011/CME/1998, nº 005/CME/2001, e estabelece normas para o Credenciamento de Instituição Educacional; Autorização de Educação Infantil e suas fases.";"";"http://cme.manaus.am.gov.br/wp-content/uploads/2013/12/Resolução-n.-004-CME-2006.pdf";"Resolução nº 004/CME/2006"
"cme_manaus-resolucao-34";"http://cme.manaus.am.gov.br/resolucoes-2006";"resolucao";"006/2006";"2006";"";"";"";"Dá nova redação à Resolução nº 006/CME/1998, que estabelece normas para a edificação das Instituições Educacionais de Educação Infantil.";"";"http://cme.manaus.am.gov.br/wp-content/uploads/2013/12/Resolução-n.-006-CME-2006.pdf";"Resolução nº 006/CME/2006"
"cme_manaus-resolucao-35";"http://cme.manaus.am.gov.br/resolucoes-2006";"resolucao";"007/2006 ";"2006 ";"";"";"";"Estabelece normas e dá orientações para a ampliação do Ensino Fundamental para nove anos de duração, no Sistema Municipal de Ensino.";"";"http://cme.manaus.am.gov.br/wp-content/uploads/2013/12/Resolução-n.-007-CME-2006.pdf";"Resolução nº 007/CME/2006 "
"cme_manaus-resolucao-36";"http://cme.manaus.am.gov.br/resolucoes-2006";"resolucao";"009/2006";"2006";"";"";"";"Aprova Projeto da II Conferência Municipal de Educação e dá outras providências.";"";"http://cme.manaus.am.gov.br/wp-content/uploads/2013/12/Resolução-n.-009-CME-2006.pdf";"Resolução nº 009/CME/2006"
"cme_manaus-resolucao-37";"http://cme.manaus.am.gov.br/resolucoes/resolucoes-2007";"resolucao";"003/2007 ";"2007 ";"";"";"";" Autorizar a utilização do formulário sugerido pela Coordenadoria de Gestão Educacional da SEMED, em substituição ao Diário de Classe adotado pelo Sistema Municipal de Ensino, até a conclusão do presente exercício escolar (2007).";"";"http://cme.manaus.am.gov.br/wp-content/uploads/2013/12/Resolução-n.-003-CME-20071.pdf";"Resolução nº 003/CME/2007 "
"cme_manaus-resolucao-38";"http://cme.manaus.am.gov.br/resolucoes/resolucoes-2007";"resolucao";"004/2007";"2007";"";"";"";"Aprovar o Regimento Interno do Conselho Municipal de Educação de Manaus.";"";"http://cme.manaus.am.gov.br/wp-content/uploads/2013/12/Resolução-n.-004-CME-2007.pdf";"Resolução nº 004/CME/2007"
"cme_manaus-resolucao-39";"http://cme.manaus.am.gov.br/resolucoes/resolucoes-2007";"resolucao";"007/2007";"2007";"";"";"";"Dá nova redação a Resolução nº 007/CME/1998 que regulamenta a prática da Educação Física no Sistema Municipal de Ensino e dá outras providências.";"";"http://cme.manaus.am.gov.br/wp-content/uploads/2013/12/Resolução-n.-007-CME-2007.pdf";"Resolução nº 007/CME/2007"
"cme_manaus-resolucao-40";"http://cme.manaus.am.gov.br/resolucoes/resolucoes-2007";"resolucao";"008/2007 ";"2007 ";"";"";"";"Determinar à Secretaria Municipal de Educação do Município de Manaus, o cumprimento da legislação educacional em vigor, assegurando a carga horária mínima anual de 800 horas, distribuídas por um mínimo de 200 dias de efetivo trabalho escolar, de acordo com o inciso I, do Art. 24 da Lei 9.394/96.";"";"http://cme.manaus.am.gov.br/wp-content/uploads/2013/12/Resolução-n.-008-CME-2007.pdf";"Resolução nº 008/CME/2007 "
"cme_manaus-resolucao-41";"http://cme.manaus.am.gov.br/resolucoes/resolucoes-2008";"resolucao";"001/2008";"2008";"";"";"";"Aprovar o Estatuto do Conselho Escolar das Escolas da Rede Municipal de Ensino.";"";"http://cme.manaus.am.gov.br/wp-content/uploads/2013/12/Resolução-001-CME-20082.pdf";"Resolução nº 001/CME/2008"
"cme_manaus-resolucao-42";"http://cme.manaus.am.gov.br/resolucoes/resolucoes-2008";"resolucao";"002/2008 ";"2008 ";"";"";"";"Dá nova Redação a Resolução nº 007/CME/2002, que estabelece normas para a admissão dos docentes da disciplina Ensino Religioso no Sistema Municipal de Educação e dá outras providências.";"";"http://cme.manaus.am.gov.br/wp-content/uploads/2013/12/Resolução-002-CME-2008.pdf";"Resolução nº 002/CME/2008 "
"cme_manaus-resolucao-43";"http://cme.manaus.am.gov.br/resolucoes/resolucoes-2008";"resolucao";"004/2008  ";"2008  ";"";"";"";"Aprovar a Proposta Pedagógica de Creche Municipais.";"";"http://cme.manaus.am.gov.br/wp-content/uploads/2013/12/Resolução-004-CME-2008.pdf";"Resolução nº 004/CME/2008  "
"cme_manaus-resolucao-44";"http://cme.manaus.am.gov.br/resolucoes/resolucoes-2008";"resolucao";"005/2008 ";"2008 ";"";"";"";"Aprovar na íntegra todos os termos do Regimento Geral das Escolas da Rede Municipal de Ensino.  ";"";"http://cme.manaus.am.gov.br/wp-content/uploads/2013/12/Resolução-005-CME-2008.pdf";"Resolução nº 005/CME/2008 "
"cme_manaus-resolucao-45";"http://cme.manaus.am.gov.br/resolucoes/resolucoes-2008";"resolucao";"011/2008  ";"2008  ";"";"";"";"Aprovar o Regimento Interno do Conselho Municipal de Educação, nos termos da Minuta submetida para exame.  ";"";"http://cme.manaus.am.gov.br/wp-content/uploads/2013/12/Resolução-011-CME-2008.pdf";"Resolução nº 011/CME/2008  "
"cme_manaus-resolucao-46";"http://cme.manaus.am.gov.br/resolucoes/resolucoes-2008";"resolucao";"012/2008 ";"2008 ";"";"";"";"Aprovar a Proposta Curricular do 6º ao 9º ano do Ensino Fundamental, da Rede Municipal de Ensino.";"";"http://cme.manaus.am.gov.br/wp-content/uploads/2013/12/Resolução-012-CME-2008.pdf";"Resolução nº 012/CME/2008 "
"cme_manaus-resolucao-47";"http://cme.manaus.am.gov.br/resolucoes/resolucoes-2009";"resolucao";"001/2009";"2009";"";"";"";"Aprovar a III Conferência Municipal de Educação de Manaus.";"";"http://cme.manaus.am.gov.br/wp-content/uploads/2013/10/Resolução-n.-001-CME-20091.pdf";"Resolução nº 001/CME/2009"
"cme_manaus-resolucao-48";"http://cme.manaus.am.gov.br/resolucoes/resolucoes-2009";"resolucao";"002/2009";"2009";"";"";"";"Aprovar o Estatuto do Conselho Escolar das Escolas da Rede Municipal de Ensino de Manaus.";"";"http://cme.manaus.am.gov.br/wp-content/uploads/2013/10/Resolução-n.-002-CME-20091.pdf";"Resolução nº 002/CME/2009"
"cme_manaus-resolucao-49";"http://cme.manaus.am.gov.br/resolucoes/resolucoes-2009";"resolucao";"007/2009";"2009";"";"";"";"Aprovar a Proposta Curricular do Ensino Fundamental do 1º ao 5º ano para as Escolas da Rede Municipal de Ensino de Manaus.";"";"http://cme.manaus.am.gov.br/wp-content/uploads/2013/10/Resolução-n.-007-CME-20091.pdf";"Resolução nº 007/CME/2009"
"cme_manaus-resolucao-50";"http://cme.manaus.am.gov.br/resolucoes/resolucoes-2009";"resolucao";"008/2009";"2009";"";"";"";"Homologar a substituição de Conselheiro Suplente representante da Câmara Municipal de Manaus no Conselho Municipal de Educação de Manaus.";"";"http://cme.manaus.am.gov.br/wp-content/uploads/2013/10/Resolução-n.-008-CME-20091.pdf";"Resolução nº 008/CME/2009"
"cme_manaus-resolucao-51";"http://cme.manaus.am.gov.br/resolucoes/resolucoes-2009";"resolucao";"009/2009";"2009";"";"";"";"Aprovar a Estrutura Curricular do Ensino Fundamental de 9 anos a ser operacionalizada pela Secretaria Municipal de Educação – SEMED de Manaus, nas Escolas Municipais, com oferta desse nível de ensino, a partir do ano letivo de 2010.";"";"http://cme.manaus.am.gov.br/wp-content/uploads/2013/10/Resolução-n.-009-CME-20091.pdf";"Resolução nº 009/CME/2009"
"cme_manaus-resolucao-52";"http://cme.manaus.am.gov.br/resolucoes/resolucoes-2009";"resolucao";"011/2009";"2009";"";"";"";"Estabelece Normas para o Credenciamento de Instituições Educacionais, Autorização e Renovação de Autorização para Funcionamento da Educação Infantil e suas fases.";"";"http://cme.manaus.am.gov.br/wp-content/uploads/2013/10/Resolução-n.-011-CME-20091.pdf";"Resolução nº 011/CME/2009"
"cme_manaus-resolucao-53";"http://cme.manaus.am.gov.br/resolucoes-2010/";"resolucao";"001/2010";"2010";"";"";"";"Ementa: Estabelece normas complementares para a implementação da Lei nº 10.639/2003, que altera a LDB nº 9.394/96 para o Sistema Municipal de Ensino de Manaus.";"";"http://cme.manaus.am.gov.br/wp-content/uploads/2013/03/Resolução-n.-001-CME-2010.pdf";"Resolução nº 001/CME/2010"
"cme_manaus-resolucao-54";"http://cme.manaus.am.gov.br/resolucoes-2010/";"resolucao";"004/2010";"2010";"";"";"";"Aprovar a Proposta Curricular da Educação de Jovens e Adultos – 1º Seguimento, para as Escolas da Rede Municipal de Ensino de Manaus.";"";"http://cme.manaus.am.gov.br/wp-content/uploads/2013/03/Resolução-n.-004-CME-2010.pdf";"Resolução nº 004/CME/2010"
"cme_manaus-resolucao-55";"http://cme.manaus.am.gov.br/resolucoes-2010/";"resolucao";"005/2010";"2010";"";"";"";"Aprovar o Regimento Interno do Conselho Municipal de Educação.";"";"http://cme.manaus.am.gov.br/wp-content/uploads/2013/03/Resolução-n.-005-CME-2010.pdf";"Resolução nº 005/CME/2010"
"cme_manaus-resolucao-56";"http://cme.manaus.am.gov.br/resolucoes-2010/";"resolucao";"006/2010";"2010";"";"";"";"Dá nova redação à Resolução nº 005/CME/1998 que regulamenta a implantação da Lei nº 9.394/96 no Sistema Municipal de Educação a partir de 1998.";"";"http://cme.manaus.am.gov.br/wp-content/uploads/2013/03/Resolução-n.-006-CME-2010.pdf";"Resolução nº 006/CME/2010"
"cme_manaus-resolucao-57";"http://cme.manaus.am.gov.br/resolucoes-2010/";"resolucao";"007/2010";"2010";"";"";"";"Aprovar a Proposta Curricular de 1º ao 5º ano do Ensino Fundamental, para Rede Municipal de Ensino de Manaus.";"";"http://cme.manaus.am.gov.br/wp-content/uploads/2013/03/Resolução-n.-007-CME-2010.pdf";"Resolução nº 007/CME/2010"
"cme_manaus-resolucao-58";"http://cme.manaus.am.gov.br/resolucoes-2010/";"resolucao";"008/2010";"2010";"";"";"";"Aprovar a Proposta Curricular de Educação Infantil – Creche e Pré-Escola, para a Rede Municipal de Ensino de Manaus, ressalvando, todavia, que para sua adequada operacionalização na Pré-Escola (4 e 5 anos de idade), as turmas deverão ser compostas, por no máximo 20 (vinte) crianças.";"";"http://cme.manaus.am.gov.br/wp-content/uploads/2013/03/Resolução-n.-008-CME-2010.pdf";"Resolução nº 008/CME/2010"
"cme_manaus-resolucao-59";"http://cme.manaus.am.gov.br/resolucoes-2010/";"resolucao";"010/2010";"2010";"";"";"";"Estabelece normas e dá orientações para a realização de matrículas para a Educação Infantil e Ensino Fundamental, no Sistema Municipal de Ensino.";"";"http://cme.manaus.am.gov.br/wp-content/uploads/2013/03/Resolução-n.-010-CME-2010.pdf";"Resolução nº 010/CME/2010"
"cme_manaus-resolucao-60";"http://cme.manaus.am.gov.br/resolucoes-2010/";"resolucao";"013/2010";"2010";"";"";"";"Aprovar o Plano de Implementação do Ensino Fundamental de 9 anos e Proposta Curricular do Ensino Fundamental de 6º ao 9º ano, a ser desenvolvidos nas Escolas da Rede Municipal de Ensino Público de Manaus.";"";"http://cme.manaus.am.gov.br/wp-content/uploads/2013/03/Resolução-n.-013-CME-2010.pdf";"Resolução nº 013/CME/2010"
"cme_manaus-resolucao-61";"http://cme.manaus.am.gov.br/resolucoes-2011/";"resolucao";"002/2011";"2011";"";"";"";"Estabelece normas complementares para a implementação das Leis Federais n. 10.639/2003 e n. 11. 645/2008, que dispõem sobre a obrigatoriedade da inclusão da temática História e Cultura Afro-brasileira e Indígena no currículo oficial do Sistema Municipal de Ensino de Manaus.";"";"http://cme.manaus.am.gov.br/wp-content/uploads/2013/03/Resolução-n.-002-CME-2011.pdf";"Resolução nº 002/CME/2011"
"cme_manaus-resolucao-62";"http://cme.manaus.am.gov.br/resolucoes-2011/";"resolucao";"004/2011";"2011";"";"";"";"Estabelece normas para o Credenciamento de Instituições Educacionais, Autorização para o funcionamento do Ensino Fundamental e suas modalidades da Rede Municipal de Ensino de Manaus.";"";"http://cme.manaus.am.gov.br/wp-content/uploads/2013/03/Resolução-n.-004-CME-2011.pdf";"Resolução nº 004/CME/2011"
"cme_manaus-resolucao-63";"http://cme.manaus.am.gov.br/resolucoes-2011/";"resolucao";"005/2011";"2011";"";"";"";"Institui a Medalha de Mérito Educacional e a Placa de Condecoração em âmbito Municipal.";"";"http://cme.manaus.am.gov.br/wp-content/uploads/2013/03/Resolução-n.-005-CME-2011.pdf";"Resolução nº 005/CME/2011"
"cme_manaus-resolucao-64";"http://cme.manaus.am.gov.br/resolucoes-2011/";"resolucao";"006/2011";"2011";"";"";"";"Estabelece normas para a matrícula em Regime de Progressão Parcial a partir do 7º ano no Ensino Fundamental da Rede Municipal de Ensino.";"";"http://cme.manaus.am.gov.br/wp-content/uploads/2013/03/Resolução-n.-006-CME-2011.pdf";"Resolução nº 006/CME/2011"
"cme_manaus-resolucao-65";"http://cme.manaus.am.gov.br/resolucoes-2011/";"resolucao";"007/2011";"2011";"";"";"";"Dá nova redação à Resolução n. 04/CME/2001, estabelecendo normas para operacionalização da Educação de Jovens e Adultos na Rede Municipal de Ensino de Manaus.";"";"http://cme.manaus.am.gov.br/wp-content/uploads/2013/03/Resolução-n.-007-CME-2011.pdf";"Resolução nº 007/CME/2011"
"cme_manaus-resolucao-66";"http://cme.manaus.am.gov.br/resolucoes-2011/";"resolucao";"008/2011";"2011";"";"";"";"Aprova a Resolução n. 04/CME/GP/2002 convalidando os estudos dos discentes que fizeram uso da metodologia SESI/EDUCA na Rede Municipal de Ensino de Manaus no período de fevereiro de 2002 a dezembro de 2003.";"";"http://cme.manaus.am.gov.br/wp-content/uploads/2013/03/Resolução-n.-008-CME-2011.pdf";"Resolução nº 008/CME/2011"
"cme_manaus-resolucao-67";"http://cme.manaus.am.gov.br/resolucoes-2011/";"resolucao";"010/2011";"2011";"";"";"";"Institui os procedimentos e orientações para Educação Especial na Perspectiva da Educação Inclusiva no Sistema Municipal de Ensino de Manaus.";"";"http://cme.manaus.am.gov.br/wp-content/uploads/2013/03/Resolução-n.-010-CME-2011.pdf";"Resolução nº 010/CME/2011"
"cme_manaus-resolucao-68";"http://cme.manaus.am.gov.br/resolucoes-2011/";"resolucao";"011/2011";"2011";"";"";"";"Aprova  o Regimento Geral das Unidades de Ensino da Rede Pública Municipal de Manaus.";"";"http://cme.manaus.am.gov.br/wp-content/uploads/2013/03/Resolução-n.-011-CME-2011.pdf";"Resolução nº 011/CME/2011"
"cme_manaus-resolucao-69";"http://cme.manaus.am.gov.br/resolucoes-2012/";"resolucao";"007/2012";"2012";"";"";"";"Aprova a proposta de alteração do Regimento Geral das Unidades de Ensino da Rede Pública Municipal apresentada pela SEMED.";"";"http://cme.manaus.am.gov.br/wp-content/uploads/2013/04/Resolução-n.-007-CME-20121.pdf";"Resolução nº 007/CME/2012"
"cme_manaus-resolucao-70";"http://cme.manaus.am.gov.br/resolucoes-2012/";"resolucao";"013/2012";"2012";"";"";"";"Aprova a Proposta Pedagógica do Ensino Fundamental na modalidade de Educação de Jovens e Adultos – EJA, 2º Segmento (6º ao 9º ano).";"";"http://cme.manaus.am.gov.br/wp-content/uploads/2013/04/Resolução-n.-013-CME-20121.pdf";"Resolução nº 013/CME/2012"
"cme_manaus-resolucao-71";"http://cme.manaus.am.gov.br/resolucoes-2012/";"resolucao";"018/2012";"2012";"";"";"";"Aprova a Proposta Pedagógica do Programa de Aceleração da Aprendizagem que amplia o atendimento aos estudantes com defasagem idade/ano igual ou superior a 2 (dois) anos, na faixa etária de 10 a 14 anos, retroagindo seus efeitos ao período correspondente a defasagem temporal existente, para o atendimento desta demanda no PROGRAMA ACELERAÇÃO DA APRENDIZAGEM.";"";"http://cme.manaus.am.gov.br/wp-content/uploads/2013/04/Resolução-n.-018-CME-20121.pdf";"Resolução nº 018/CME/2012"
"cme_manaus-resolucao-72";"http://cme.manaus.am.gov.br/atos-normativos/resolucoes/resolucoes-2013";"resolucao";"008/2013";"2013";"";"";"";"Proposta Pedagógica do Programa Municipal de Escolarização do Adulto e da Pessoa Idosa – PROMEAPI.";"";"http://cme.manaus.am.gov.br/wp-content/uploads/2014/05/Resolução-n.-008-CME-2013.pdf";"Resolução nº 008/CME/2013"
"cme_manaus-resolucao-73";"http://cme.manaus.am.gov.br/atos-normativos/resolucoes/resolucoes-2013";"resolucao";"014/2013";"2013";"";"";"";"Aprovar os Calendários Escolares/2014 de Escolas da Rede de Ensino Privado, incluindo as orientações da LEI GERAL DA COPA: Calendário Escolar 2014 (com sábado letivo) e Calendário Escolar 2014 (sem sábado letivo).";"";"http://cme.manaus.am.gov.br/wp-content/uploads/2014/05/Resolução-n.-014-CME-2013.pdf";"Resolução nº 014/CME/2013"
"cme_manaus-resolucao-74";"http://cme.manaus.am.gov.br/atos-normativos/resolucoes/resolucoes-2013";"resolucao";"016/2013";"2013";"";"";"";"Revoga a Resolução n.011/CME/2000, que regulamenta a matrícula de alunos de 5ª a 8ª séries do Ensino Fundamental.";"";"http://cme.manaus.am.gov.br/wp-content/uploads/2014/05/Resolução-n.-016-CME-2013.pdf";"Resolução nº 016/CME/2013"
"cme_manaus-resolucao-75";"http://cme.manaus.am.gov.br/atos-normativos/resolucoes/resolucoes-2013";"resolucao";"018/2013";"2013";"";"";"";"ACRESCENTAR o art. 25-A e ALTERAR os arts. 6º e 52 do Regimento Interno do Conselho Municipal de Educação – CME, aprovado pela Resolução n. 005/CME/2010 de 20/05/2010.";"";"http://cme.manaus.am.gov.br/wp-content/uploads/2014/05/Resolução-n.-018-CME-2013.pdf";"Resolução nº 018/CME/2013"
"cme_manaus-resolucao-76";"http://cme.manaus.am.gov.br/atos-normativos/resolucoes/resolucoes-2013";"resolucao";"019/2013";"2013";"";"";"";"Dá nova redação à Resolução n. 002/CME/2008, que estabelece normas a admissão dos docentes da disciplina Ensino Religioso no Sistema Municipal de Ensino.";"";"http://cme.manaus.am.gov.br/wp-content/uploads/2014/05/Resolução-n.-019-CME-2013.pdf";"Resolução nº 019/CME/2013"
"cme_manaus-resolucao-77";"http://cme.manaus.am.gov.br/atos-normativos/resolucoes/resolucoes-2013";"resolucao";"023/2013";"2013";"";"";"";"Aprovar a Proposta de Estrutura e Funcionamento do Exame Supletivo em nível de Ensino Fundamental – Anos Finais da Educação de Jovens e Adultos – Segundo Segmento – Provão Eletrônico, para operacionalização a partir do ano letivo de 2014, implementada pela Secretaria Municipal de Educação – SEMED.";"";"http://cme.manaus.am.gov.br/wp-content/uploads/2014/05/Resolução-n.-023-CME-2013.pdf";"Resolução nº 023/CME/2013"
"cme_manaus-resolucao-78";"http://cme.manaus.am.gov.br/atos-normativos/resolucoes/resolucoes-2013";"resolucao";"024/2013";"2013";"";"";"";"Estabelece Normas e Procedimentos para Funcionamento do Projeto Educação Itinerante do Ensino Fundamental – Anos Finais, para ser operacionalizado nas Unidades da Divisão Distrital da Zona Rural da Rede Pública Municipal de Ensino.";"";"http://cme.manaus.am.gov.br/wp-content/uploads/2014/05/Resolução-n.-024-CME-2013.pdf";"Resolução nº 024/CME/2013"
"cme_manaus-resolucao-79";"http://cme.manaus.am.gov.br/atos-normativos/resolucoes/resolucoes-2013";"resolucao";"028/2013";"2013";"";"";"";"APROVAR a inserção da Educação Fiscal nas Propostas Curriculares da Educação Infantil, Educação de Jovens e Adultos/EJA e Educação Escolar Indígena.";"";"http://cme.manaus.am.gov.br/wp-content/uploads/2014/05/Resolução-n.-028-CME-2013.pdf";"Resolução nº 028/CME/2013"
"cme_manaus-resolucao-80";"http://cme.manaus.am.gov.br/atos-normativos/resolucoes/resolucoes-2013";"resolucao";"029/2013";"2013";"";"";"";"Institui Diretrizes para Organização e Funcionamento da proposta Pedagógicas das Escolas de Educação em Tempo Integral/Turno Único da Rede Pública Municipal de Manaus.";"";"http://cme.manaus.am.gov.br/wp-content/uploads/2014/05/Resolução-n.-029-CME-2013.pdf";"Resolução nº 029/CME/2013"
"cme_manaus-resolucao-81";"http://cme.manaus.am.gov.br/atos-normativos/resolucoes/resolucoes-2013";"resolucao";"031/2013";"2013";"";"";"";"APROVAR a Proposta Curricular do Ensino Fundamental Anos Finais, para operacionalização a partir do ano letivo de 2014.";"";"http://cme.manaus.am.gov.br/wp-content/uploads/2014/05/Resolução-n.-031-CME-2013.pdf";"Resolução nº 031/CME/2013"
"cme_manaus-resolucao-82";"http://cme.manaus.am.gov.br/atos-normativos/resolucoes/resolucoes-2013";"resolucao";"032/2013";"2013";"";"";"";"APROVAR a Proposta de Estrutura Curricular do Ensino Fundamental de 9 (nove) anos com um Bloco Pedagógico nos três anos iniciais.";"";"http://cme.manaus.am.gov.br/wp-content/uploads/2014/05/Resolução-n.-032-CME-2013.pdf";"Resolução nº 032/CME/2013"
"cme_manaus-resolucao-83";"http://cme.manaus.am.gov.br/atos-normativos/resolucoes/resolucoes-2013";"resolucao";"033/2013";"2013";"";"";"";"Fixa norma para operacionalização do Bloco Pedagógico do Ensino Fundamental – 1º ao 3º ano, nas unidades escolares da Rede Pública Municipal de Manaus.";"";"http://cme.manaus.am.gov.br/wp-content/uploads/2014/05/Resolução-n.-033-CME-2013.pdf";"Resolução nº 033/CME/2013"
"cme_manaus-resolucao-84";"http://cme.manaus.am.gov.br/atos-normativos/resolucoes/resolucoes-2013";"resolucao";"034/2013";"2013";"";"";"";"APROVAR a Proposta Pedagógico-Curricular da Educação Infantil da Rede Municipal de Ensino.";"";"http://cme.manaus.am.gov.br/wp-content/uploads/2014/05/Resolução-n.-034-CME_2013.pdf";"Resolução nº 034/CME/2013"
"cme_manaus-resolucao-85";"http://cme.manaus.am.gov.br/atos-normativos/resolucoes/resolucoes-2013";"resolucao";"040/2013";"2013";"";"";"";"APROVAR a Proposta de reestruturação do Projeto Itinerante do Ensino Fundamental (Anos Finais) a ser operacionalizada a partir do ano letivo de 2014.";"";"http://cme.manaus.am.gov.br/wp-content/uploads/2014/05/Resolução-n.-040-CME-2013.pdf";"Resolução n° 040/CME/2013"
"cme_manaus-resolucao-86";"http://cme.manaus.am.gov.br/atos-normativos/resolucoes/resolucoes-2013";"resolucao";"041/2013";"2013";"";"";"";"APROVAR a Proposta Curricular dos Anos Iniciais do Ensino Fundamental – 1º ao 5º ano, com Bloco Pedagógico nos três anos finais.";"";"http://cme.manaus.am.gov.br/wp-content/uploads/2014/05/Resolução-n.-041-CME-2013.pdf";"Resolução nº 041/CME/2013"
"cme_manaus-resolucao-87";"http://cme.manaus.am.gov.br/atos-normativos/resolucoes/resolucoes-2014";"resolucao";"002/2014";"06/02/14";"";"";"";"Homologa Resolução n. 034/CME/2013 “Ad Referendum” – Processo 097/CME/2013 – Parecer n.001/2014-CME/MANAUS – Aprovação da Proposta  Pedagógico-Curricular da Educação Infantil, para operacionalização a partir do ano letivo de 2014;";"";"http://cme.manaus.am.gov.br/wp-content/uploads/2015/04/Resolução-n.-002-CME-2014.pdf";"Resolução nº 002/CME/2014"
"cme_manaus-resolucao-88";"http://cme.manaus.am.gov.br/atos-normativos/resolucoes/resolucoes-2014";"resolucao";"004/2014";"13/03/14";"";"";"";"Dá nova redação à Resolução 024/CME/2013 que estabelece normas e procedimentos para o funcionamento do Projeto Educação Itinerante do Ensino Fundamental – Anos Finais.";"";"http://cme.manaus.am.gov.br/wp-content/uploads/2015/04/Resolução-n.-004-CME-2014.pdf";"Resolução nº 004/CME/2014"
"cme_manaus-resolucao-89";"http://cme.manaus.am.gov.br/atos-normativos/resolucoes/resolucoes-2014";"resolucao";"005/2014";"05/06/14";"";"";"";"Dá nova redação à Resolução 06/CME/2011, que estabelece normas para a matrícula em regime de Progressão Parcial a partir do 7º ano no Ensino Fundamental da Rede Municipal de Ensino.";"";"http://cme.manaus.am.gov.br/wp-content/uploads/2015/04/Resolução-n.-005-CME-2014.pdf";"Resolução nº 005/CME/2014"
"cme_manaus-resolucao-90";"http://cme.manaus.am.gov.br/atos-normativos/resolucoes/resolucoes-2014";"resolucao";"006/2014";"13/03/14";"";"";"";"Altera a Resolução n. 033/CME/2013 que Fixa normas de operacionalização do Bloco Pedagógico do Ensino Fundamental – 1° ao 3° ano, nas unidades escolares da Rede Pública Municipal de Ensino.";"";"http://cme.manaus.am.gov.br/wp-content/uploads/2015/04/Resolução-n.-006-CME-2014.pdf";"Resolução nº 006/CME/2014"
"cme_manaus-resolucao-91";"http://cme.manaus.am.gov.br/atos-normativos/resolucoes/resolucoes-2014";"resolucao";"010/2014";"10/04/14";"";"";"";"Fixa Diretrizes Operacionais para Organização e Funcionamento das turmas de Aceleração da Aprendizagem nas Unidades de Ensino da Rede Municipal de Manaus.";"";"http://cme.manaus.am.gov.br/wp-content/uploads/2015/04/Resolução-n.-010-CME-2014.pdf";"Resolução nº 010/CME/2014"
"cme_manaus-resolucao-92";"http://cme.manaus.am.gov.br/atos-normativos/resolucoes/resolucoes-2014";"resolucao";"011/2014";"10/04/14";"";"";"";"Amplia o atendimento aos estudantes com defasagem idade/ano igual ou superior a 2 (dois) anos para a faixa etária de 9 (nove) a 14 (quatorze) anos completos a 31 de março, retroagindo seus efeitos ao período correspondente a defasagem temporal existente, para o atendimento desta demanda no PROGRAMA DE ACELERAÇÃO DA APRENDIZAGEM.";"";"http://cme.manaus.am.gov.br/wp-content/uploads/2015/04/Resolução-n.-011-CME-2014.pdf";"Resolução nº 011/CME/2014"
"cme_manaus-resolucao-93";"http://cme.manaus.am.gov.br/atos-normativos/resolucoes/resolucoes-2014";"resolucao";"040/2014";"15/12/14";"";"";"";"Aprova a Nova Proposta Pedagógica da Educação de Jovens e Adultos – 2º Segmento (6º ao 9º Ano) do Ensino Fundamental, com Inclusão da disciplina de Informática na parte diversificada de sua Estrutura Curricular.";"";"http://cme.manaus.am.gov.br/wp-content/uploads/2015/04/Resolução-n.-040-CME-2014.pdf";"Resolução nº 040/CME/2014"
"cme_manaus-resolucao-94";"http://cme.manaus.am.gov.br/atos-normativos/resolucoes/resolucoes-2015/";"resolucao";"008/2015";"18/06/15";"";"";"";"Estabelece normas complementares para implementação da Lei n°.11.769/2008, que altera a Lei n° 9.394/1996, que dispõe sobre a obrigatoriedade do ensino de Música no Currículo Oficial do Sistema Municipal de Ensino de Manaus.";"";"http://cme.manaus.am.gov.br/wp-content/uploads/2015/09/Resolução-n.-008-CME-2015.pdf";"Resolução nº 008/CME/2015"
"cme_manaus-resolucao-95";"http://cme.manaus.am.gov.br/atos-normativos/resolucoes/resolucoes-2015/";"resolucao";"009/2015";"18/06/15";"";"";"";"Altera os critérios e normas para a Organização, Credenciamento de Instituições Educacionais Públicas e Privadas, Autorização de Funcionamento e Renovação de Autorização da Educação Infantil e suas fases do Sistema Municipal de Ensino.";"";"http://cme.manaus.am.gov.br/wp-content/uploads/2015/09/Resolução-n.-009-CME-2015.pdf";"Resolução nº 009/CME/2015"
"cme_manaus-resolucao-96";"http://cme.manaus.am.gov.br/atos-normativos/resolucoes/resolucoes-2015/";"resolucao";"018/2015";"27/07/15";"";"";"";"Define as diretrizes curriculares e estabelece normas para a oferta e funcionamento da Educação Infantil na Rede Pública Municipal de Ensino de Manaus.";"";"http://cme.manaus.am.gov.br/wp-content/uploads/2015/09/Resolução-n.-018-CME-2015.pdf";"Resolução nº 018/CME/2015"
"cme_manaus-resolucao-97";"http://cme.manaus.am.gov.br/atos-normativos/resolucoes/resolucoes-2016-2/";"resolucao";"002/2016";"18/02/16";"";"";"";"Aprova a Proposta Pedagógica Curricular de Educação Infantil da Rede Pública Municipal de Manaus.";"";"http://cme.manaus.am.gov.br/wp-content/uploads/2016/12/Resolução-n.-002-CME-2016.pdf";"Resolução nº 002/CME/2016"
"cme_manaus-resolucao-98";"http://cme.manaus.am.gov.br/atos-normativos/resolucoes/resolucoes-2016-2/";"resolucao";"005/2016";"05/05/16";"";"";"";"Estabelece normas, diretrizes e princípios aplicáveis a Educação Básica no Sistema Municipal de Ensino de Manaus a partir do regime instituído pela Lei N. 9.394/96 – Lei de Diretrizes e Bases da Educação Nacional – LDBEN";"";"http://cme.manaus.am.gov.br/wp-content/uploads/2016/12/Resolução-n.-005-CME-2016.pdf";"Resolução nº 005/CME/2016"
"cme_manaus-resolucao-99";"http://cme.manaus.am.gov.br/atos-normativos/resolucoes/resolucoes-2016-2/";"resolucao";"011/2016";"02/06/16";"";"";"";"Institui novos procedimentos e orientações para a Educação Especial, na perspectiva da Educação Inclusiva, no Sistema Municipal de Ensino de Manaus.";"";"http://cme.manaus.am.gov.br/wp-content/uploads/2016/12/Resolução-n.-011-CME-2016.pdf";"Resolução nº 011/CME/2016"
"cme_manaus-resolucao-100";"http://cme.manaus.am.gov.br/atos-normativos/resolucoes/resolucoes-2016-2/";"resolucao";"020/2016";"25/08/16";"";"";"";"Aprova a Proposta Pedagógica e Estrutura Curricular de Educação Integral para o Município de Manaus nos Anos Iniciais do Ensino Fundamental.";"";"http://cme.manaus.am.gov.br/wp-content/uploads/2016/12/Resolução-n.-020-CME-2016.pdf";"Resolução nº 020/CME/2016"
"cme_manaus-resolucao-101";"http://cme.manaus.am.gov.br/atos-normativos/resolucoes/resolucoes-2016-2/";"resolucao";"024/2016";"13/10/16";"";"";"";"Aprova a Proposta Pedagógica do Ensino Fundamental, na modalidade de Jovens e Adultos – 1º segmento.";"";"http://cme.manaus.am.gov.br/wp-content/uploads/2016/12/Resolução-n.-024-CME-2016.pdf";"Resolução nº 024/CME/2016"
"cme_manaus-resolucao-102";"http://cme.manaus.am.gov.br/atos-normativos/resolucoes/resolucoes-2016-2/";"resolucao";"025/2016";"13/10/16";"";"";"";"Aprova a Proposta Pedagógica do Ensino Fundamental, na modalidade de Jovens e Adultos – 2º segmento.";"";"http://cme.manaus.am.gov.br/wp-content/uploads/2016/12/Resolução-n.-025-CME-2016.pdf";"Resolução nº 025/CME/2016"
"cme_manaus-resolucao-103";"http://cme.manaus.am.gov.br/atos-normativos/resolucoes/resolucoes-2016-2/";"resolucao";"031/2016";"27/10/16";"";"";"";"Fixa e estabelece normas para operacionalização do Programa de Correção de Fluxo nas Unidades da Rede Pública Municipal de Ensino de Manaus.";"";"http://cme.manaus.am.gov.br/wp-content/uploads/2016/12/Resolução-n.-031-CME-2016.pdf";"Resolução nº 031/CME/2016"
"cme_manaus-resolucao-104";"http://cme.manaus.am.gov.br/resolucoes-2017/";"resolucao";"001/2017";"09/03/17";"";"";"";"Estabelece diretrizes para operacionalização da Educação em Direitos Humanos no Sistema Municipal de Ensino de Manaus e dá outras providências.";"";"http://cme.manaus.am.gov.br/wp-content/uploads/2017/04/Resolução-n.001-CME-2017.pdf";"Resolução nº 001/CME/2017"
"cme_manaus-resolucao-105";"http://cme.manaus.am.gov.br/resolucoes-2017/";"resolucao";"007/2017";"01/05/17";"";"";"";"Dá nova redação à Resolução nº 018/CME/2015 que define as diretrizes curriculares e estabelece normas para a oferta e funcionamento da Educação Infantil na Rede Pública Municipal de Ensino de Manaus.";"";"http://cme.manaus.am.gov.br/wp-content/uploads/2018/04/Resolução-n.-007-CME-2017.pdf";"Resolução nº 007/CME/2017"
"cme_manaus-resolucao-106";"http://cme.manaus.am.gov.br/resolucoes-2017/";"resolucao";"014/2017";"22/06/17";"";"";"";"Aprova a Diretriz Pedagógica para Educação do Campo da Rede Municipal de Ensino de Manaus.";"";"http://cme.manaus.am.gov.br/wp-content/uploads/2018/04/Resolução-n.-014-CME-2017.pdf";"Resolução nº 014/CME/2017"
"cme_manaus-resolucao-107";"http://cme.manaus.am.gov.br/resolucoes-2017/";"resolucao";"024/2017";"26/10/17";"";"";"";"Instituir a Medalha de Mérito Educacional e a Placa de Condecoração para agraciar profissionais e instituições por seus méritos e relevantes serviços prestados, direta ou indiretamente, à educação no município de Manaus.";"";"http://cme.manaus.am.gov.br/wp-content/uploads/2018/04/Resolução-n.-024-CME-2017.pdf";"Resolução nº 024/CME/2017"
"cme_manaus-resolucao-108";"http://cme.manaus.am.gov.br/resolucoes-2017/";"resolucao";"032/2017";"18/12/17";"";"";"";"Aprova a Proposta Pedagógica e Estrutura Curricular da Educação Integral do Ensino Fundamental para a Rede Pública Municipal de Ensino de Manaus.";"";"http://cme.manaus.am.gov.br/wp-content/uploads/2018/04/Resolução-n.-032-CME-2017.pdf";"Resolução nº 032/CME/2017"
"cme_manaus-resolucao-109";"http://cme.manaus.am.gov.br/atos-normativos/resolucoes/resolucoes-2018/";"resolucao";"009/2018";"24/05/18";"";"";"";"Aprova a Proposta Pedagógica do Programa Municipal de Escolarização do Adulto e da Pessoa Idosa – PROMEAPI";"";"http://cme.manaus.am.gov.br/wp-content/uploads/2019/03/Resolução-n.-009-CME-2018.pdf";"Resolução nº 009/CME/2018"
"cme_manaus-resolucao-110";"http://cme.manaus.am.gov.br/atos-normativos/resolucoes/resolucoes-2018/";"resolucao";"022/2018";"13/09/18";"";"";"";"Aprova as Diretrizes Pedagógicas da Educação Escolar Indígena do Município de Manaus.";"";"http://cme.manaus.am.gov.br/wp-content/uploads/2019/03/Resolução-n.-022-CME-2018.pdf";"Resolução nº 022/CME/2018"
"cme_manaus-resolucao-111";"http://cme.manaus.am.gov.br/atos-normativos/resolucoes/resolucoes-2018/";"resolucao";"027/2018";"11/10/18";"";"";"";"Estabelece critérios e normas para a organização, credenciamento de instituições educacionais, autorização de funcionamento e renovação de autorização da Educação Infantil e suas fases do Sistema Municipal de Ensino de Manaus e dá outras providências.";"";"http://cme.manaus.am.gov.br/wp-content/uploads/2019/03/Resolução-n.-027-CME-2018.pdf";"Resolução nº 027/CME/2018"
"cme_manaus-resolucao-112";"http://cme.manaus.am.gov.br/atos-normativos/resolucoes/resolucoes-2018/";"resolucao";"038/2018";"29/11/18";"";"";"";"Estabelece as ações pedagógicas para o acompanhamento das atividades extraclasses e do estudo monitorado nas Unidades de Ensino da Rede Pública Municipal de Manaus.";"";"http://cme.manaus.am.gov.br/wp-content/uploads/2019/03/Resolução-n.-038-CME-2018.pdf";"Resolução nº 038/CME/2018"
"cme_manaus-resolucao-113";"http://cme.manaus.am.gov.br/atos-normativos/resolucoes/resolucoes-2018/";"resolucao";"045/2018";"20/12/18";"";"";"";"Aprova como PROJETO PILOTO a proposta Pedagógica da Educação de Jovens e Adultos – EJA – Semipresencial – 2º Segmento do Ensino Fundamental a ser operacionalização.";"";"http://cme.manaus.am.gov.br/wp-content/uploads/2019/03/Resolução-n.-045-CME-2018.pdf";"Resolução nº 045/CME/2018"
