Id;Url;Tipo;Numero;Data;Processo;Relator;Interessado;Ementa;Assunto;Documento;Titulo
ceems-parecer-1;http://www.cee.ms.gov.br/atos-normativos/pareceres/;parecer;351/2018;2018-12-31;;;;- Regulamentação do Currículo de Referência de Mato Grosso do Sul para o Sistema Estadual de Ensino nas etapas da educação infantil e do ensino fundamental.;;http://www.cee.ms.gov.br/wp-content/uploads/2019/01/Par-351-2018-BNCC.pdf;Parecer CEE/MS n.º 351/2018
ceems-parecer-2;http://www.cee.ms.gov.br/atos-normativos/pareceres/;parecer;308/2013;2013-12-31;;;; Dispõe sobre o atendimento escolar de jovens e adultos com deficiência, transtornos globais do desenvolvimento e altas habilidades ou superdotação nas escolas do Sistema Estadual de Ensino de Mato Grosso do Sul.;;http://www.cee.ms.gov.br/wp-content/uploads/2015/08/par-308-2013.pdf;Parecer CEE/MS n.º 308/2013
ceems-parecer-3;http://www.cee.ms.gov.br/atos-normativos/pareceres/;parecer;56/2013;2013-12-31;;;; Parecer Orientativo sobre a organização curricular do ensino fundamental nas escolas especiais do Sistema Estadual de Ensino de Mato Grosso do Sul.;;http://www.cee.ms.gov.br/wp-content/uploads/2015/08/parecer-056-2013-publica%C3%A7%C3%A3o.pdf;Parecer CEE/MS n.º 56/2013
ceems-parecer-4;http://www.cee.ms.gov.br/atos-normativos/pareceres/;parecer;64/2012;2012-12-31;;;; Credenciamento, em caráter excepcional, dos Centros de Atendimento Educacional Especializado (CAEEs) para oferecer Atendimento Educacional Especializado (AEE).;;http://www.cee.ms.gov.br/wp-content/uploads/2015/08/par-64-2012.pdf;Parecer CEE/MS n.º 64/2012
ceems-parecer-5;http://www.cee.ms.gov.br/atos-normativos/pareceres/;parecer;63/2011;2011-12-31;;;; Amplia as competências estabelecidas pela Deliberação CEE/MS nº 9375, de 6 de outubro de 2010, a outras instituições de ensino do Sistema Estadual de Ensino de Mato Grosso do Sul.;;http://www.cee.ms.gov.br/wp-content/uploads/2015/08/par-063-2011.pdf;Parecer CEE/MS n.º 63/2011
ceems-parecer-6;http://www.cee.ms.gov.br/atos-normativos/pareceres/;parecer;332/2011;2011-12-31;;;; Alteração do art. 43 da Deliberação CEE/MS n.° 9191, de 26 de novembro de 2009, que estabelece normas para a educação básica no Sistema Estadual de Ensino de Mato Grosso do Sul, e revogação do artigo 4º da Deliberação CEE/MS n.° 9345, de 5 de julho de 2010, que altera dispositivos da Deliberação CEE/MS n.º 9191/2009.;;http://www.cee.ms.gov.br/wp-content/uploads/2015/08/par-332-2011.pdf;Parecer CEE/MS n.º 332/2011
ceems-parecer-7;http://www.cee.ms.gov.br/atos-normativos/pareceres/;parecer;141/2011;2011-12-31;;;; Ampliação do prazo de vigência dos atos autorizativos das escolas especiais.;;http://www.cee.ms.gov.br/wp-content/uploads/2015/08/par-141-2011.pdf;Parecer CEE/MS n.º 141/2011
ceems-parecer-8;http://www.cee.ms.gov.br/atos-normativos/pareceres/;parecer;185/2010;2010-12-31;;;; Parecer que trata da ampliação do prazo dos atos de autorização de funcionamento da educação infantil e do ensino fundamental de escolas especiais.;;http://www.cee.ms.gov.br/wp-content/uploads/2015/08/par-185-2010.pdf;Parecer CEE/MS n.º 185/2010 
ceems-parecer-9;http://www.cee.ms.gov.br/atos-normativos/pareceres/;parecer;235/2009;2009-12-31;;;; Parecer Orientativo para a oferta da Língua Espanhola no Sistema Estadual de Ensino de Mato Grosso do Sul.;;http://www.cee.ms.gov.br/wp-content/uploads/2015/08/parecer-orientativo-n%C2%BA-235-lingua-espanhola.pdf;Parecer CEE/MS n.º 235/2009 
ceems-parecer-10;http://www.cee.ms.gov.br/atos-normativos/pareceres/;parecer;113/2009;2009-12-31;;;; Parecer que estabelece normas e estratégias pedagógico-administrativas para o processo de avaliação e de certificação de competências referentes à educação profissional técnica de nível médio.;;http://www.cee.ms.gov.br/wp-content/uploads/2015/08/parecer-n%C2%BA-113.pdf;Parecer CEE/MS n.º 113/2009
ceems-parecer-11;http://www.cee.ms.gov.br/atos-normativos/pareceres/;parecer;137/2007;2007-12-31;;;; Parecer Orientativo sobre a aplicabilidade da Deliberação CEE/MS nº 8144/2006.;;http://www.cee.ms.gov.br/wp-content/uploads/2015/08/par-137-2007.pdf;Parecer Orientativo CEE/MS n.º 137/2007
ceems-parecer-12;http://www.cee.ms.gov.br/atos-normativos/pareceres/;parecer;235/2006;2006-12-31;;;; Parecer Orientativo sobre a inserção da Cultura Sul-Mato-Grossense, na Educação Básica do Sistema Estadual de Ensino.;;http://www.cee.ms.gov.br/wp-content/uploads/2015/08/par-235-2006.pdf;Parecer Orientativo CEE/MS n.º 235/2006 
ceems-parecer-13;http://www.cee.ms.gov.br/atos-normativos/pareceres/;parecer;133/2005;2005-12-31;;;; Parecer sobre a Educação para o Trânsito, na Educação Básica e suas modalidades.;;http://www.cee.ms.gov.br/wp-content/uploads/2015/08/par-133-20051.pdf;Parecer Orientativo CEE/MS n.º 133/2005
ceems-parecer-14;http://www.cee.ms.gov.br/atos-normativos/pareceres/;parecer;131/2005;2005-12-31;;;; Parecer referente a Educação das relações Étnico-Raciais e para o Ensino de História e Cultura Afro-Brasileira e Africana.;;http://www.cee.ms.gov.br/wp-content/uploads/2015/08/par-131-20051.pdf;Parecer Orientativo CEE/MS n.º 131/2005
ceems-parecer-15;http://www.cee.ms.gov.br/atos-normativos/pareceres/;parecer;353/2003;2003-12-31;;;; Parecer referente a Apuração de frequência na Educação Básica.;;http://www.cee.ms.gov.br/wp-content/uploads/2015/08/par-353-20031.pdf;Parecer Orientativo CEE/MS n.º 353/2003
ceems-parecer-16;http://www.cee.ms.gov.br/atos-normativos/pareceres/;parecer;327/2003;2003-12-31;;;; Parecer referente a regulamentação para o exercício das Atividades de Educação Física e Educação Artística.;;http://www.cee.ms.gov.br/wp-content/uploads/2015/08/par-327-20031.pdf;Parecer Orientativo CEE/MS n.º 327/2003
ceems-parecer-17;http://www.cee.ms.gov.br/atos-normativos/pareceres/;parecer;184/2003;2003-12-31;;;; Parecer referente a Matrícula de crianças com seis anos de idade no 1º ano do Ensino Fundamental.;;http://www.cee.ms.gov.br/wp-content/uploads/2015/08/par-184-20031.pdf;Parecer Orientativo CEE/MS n.º 184/2003
ceems-parecer-18;http://www.cee.ms.gov.br/atos-normativos/pareceres/;parecer;068/2002;2002-12-31;;;; Entendimento do Art. 49 da Deliberação CEE/MS nº 6363/01;;http://www.cee.ms.gov.br/wp-content/uploads/2015/08/par-068-20021.pdf;Parecer Orientativo CEE/MS n.º 068/2002
ceems-parecer-19;http://www.cee.ms.gov.br/atos-normativos/pareceres/;parecer;270/2001;2001-12-31;;;; Parecer Orientativo sobre a aplicabilidade da Deliberação CEE/MS n° 6321/2001.;;http://www.cee.ms.gov.br/wp-content/uploads/2015/08/par-270-20011.pdf;Parecer Orientativo CEE/MS n.º 270/2001
ceems-parecer-20;http://www.cee.ms.gov.br/atos-normativos/pareceres/;parecer;228/2000;2000-12-31;;;; Parecer referente aos cursos de Música na Área e proposta de Revogação da Deliberação CEE/MS nº 2665/90.;;http://www.cee.ms.gov.br/wp-content/uploads/2015/08/par-228-20001.pdf;Parecer Orientativo CEE/MS n.º 228/2000 
ceems-parecer-21;http://www.cee.ms.gov.br/atos-normativos/pareceres/;parecer;132/2000;2000-12-31;;;; Parecer referente a Documentação e Arquivo Escolar das Instituições de Ensino do Sistema Estadual de Ensino de Mato Grosso do Sul .;;http://www.cee.ms.gov.br/wp-content/uploads/2015/08/par-132-20001.pdf;Parecer Orientativo CEE/MS n.º 132/2000
ceems-parecer-22;http://www.cee.ms.gov.br/atos-normativos/pareceres/;parecer;445/1999;1999-12-31;;;; Parecer sobre Cursos Sequenciais no Ensino Superior.;;http://www.cee.ms.gov.br/wp-content/uploads/2015/08/par-445-19991.pdf;Parecer Orientativo CEE/MS n.º 445/1999
ceems-parecer-23;http://www.cee.ms.gov.br/atos-normativos/pareceres/;parecer;444/1999;1999-12-31;;;; Parecer sobre as Diretrizes Curriculares do Ensino Médio – Lei nº 9.394/96.;;http://www.cee.ms.gov.br/wp-content/uploads/2015/08/par-444-19991.pdf;Parecer Orientativo CEE/MS n.º 444/1999
ceems-parecer-24;http://www.cee.ms.gov.br/atos-normativos/pareceres/;parecer;379/1999;1999-12-31;;;; Regime de Colaboração entre o Conselho Estadual de Educação e os Conselhos Municipais de Educação do Estado de Mato Grossos do Sul.;;http://www.cee.ms.gov.br/wp-content/uploads/2015/08/par-379-99.pdf;Parecer Orientativo CEE/MS n.º 379/1999
ceems-parecer-25;http://www.cee.ms.gov.br/atos-normativos/pareceres/;parecer;127/1999;1999-12-31;;;; Parecer Orientativo sobre as Diretrizes Curriculares do Ensino Fundamental – Artigos 26, 27 e 28 da Lei nº 9.394/96.;;http://www.cee.ms.gov.br/wp-content/uploads/2015/08/par-127-1999.pdf;Parecer Orientativo CEE/MS n.º 127/1999 
ceems-parecer-26;http://www.cee.ms.gov.br/atos-normativos/pareceres/;parecer;326/1998;1998-12-31;;;; Orientações preliminares do Conselho Estadual de Educação/MS sobre a elaboração de Regimento Escolar, consoante à Lei nº 9394/96.;;http://www.cee.ms.gov.br/wp-content/uploads/2015/08/par-326-1998.pdf;Parecer Orientativo CEE/MS n.º 326/1998
ceems-parecer-27;http://www.cee.ms.gov.br/atos-normativos/pareceres/;parecer;299/98;1998-12-31;;;;" Orientações Preliminares do Conselho Estadual de Educação/MS sobre a Lei no 9394/96; Da Educação Básica – Da Educação Infantil (Artigos 29, 30, 31 e 89).";;http://www.cee.ms.gov.br/wp-content/uploads/2015/08/par299-98.pdf;Parecer Orientativo CEE/MS n.º 299/98 
ceems-parecer-28;http://www.cee.ms.gov.br/atos-normativos/pareceres/;parecer;75/98;1998-12-31;;;; Sistemas de Ensino.;;http://www.cee.ms.gov.br/wp-content/uploads/2015/08/par-75-98.pdf;Parecer Orientativo CEE/MS n.º 75/98
ceems-parecer-29;http://www.cee.ms.gov.br/atos-normativos/pareceres/;parecer;373/1997;1997-12-31;;;; Orientações Preliminares do Conselho Estadual de Educação/MS sobre a Lei nº 9.394/96: Educação Básica – Disposições gerais sobre a organização das instituições escolares (Artigos 23 e 24).;;http://www.cee.ms.gov.br/wp-content/uploads/2015/08/par-373-97.pdf;Parecer Orientativo CEE/MS n.º 373/1997
ceems-parecer-30;http://www.cee.ms.gov.br/atos-normativos/pareceres/;parecer;223/1997;1997-12-31;;;;- Orientações Preliminares do Conselho Estadual de Educação/MS sobre a Lei nº 9.394/96. ;;http://www.cee.ms.gov.br/wp-content/uploads/2015/08/par-223-97.pdf;Parecer Orientativo CEE/MS n.º 223/1997
ceems-parecer-31;http://www.cee.ms.gov.br/atos-normativos/pareceres/;parecer;162/1997;1997-12-31;;;; Consulta sobre criação e atribuições dos Conselhos Municipais de Educação.;;http://www.cee.ms.gov.br/wp-content/uploads/2015/08/par-162-97.pdf;Parecer Orientativo CEE/MS nº 162/1997
ceems-indicacao-1;http://www.cee.ms.gov.br/atos-normativos/indicacoes/;indicacao;097/2018;2018-12-31;;;;- Delegação de competência à Secretaria de Estado de Educação (SED/MS) para credenciar e descredenciar os Centros de Atendimento Educacional Especializado (CAEE) da Rede Estadual de Ensino, para a oferta do Atendimento Educacional Especializado na educação básica, modalidade educação especial.;;http://www.cee.ms.gov.br/wp-content/uploads/2018/06/Ind.-097-2018-SED.pdf;Indicação CEE/MS n.º 097/2018
ceems-indicacao-2;http://www.cee.ms.gov.br/atos-normativos/indicacoes/;indicacao;096/2018;2018-12-31;;;;- Dispõe sobre a aprovação do Instrumento de Avaliação Institucional Externa, para fins de recredenciamento de instituições de educação superior do Sistema Estadual de Ensino de Mato Grosso do Sul.;;http://www.cee.ms.gov.br/wp-content/uploads/2018/06/Ind.-96-2018-Instrumento-de-Avaliação.pdf;Indicação CEE/MS n.º 096/2018
ceems-indicacao-3;http://www.cee.ms.gov.br/atos-normativos/indicacoes/;indicacao;095/2017 -;2017-12-31;;;;Regulamenta os artigos 16 e 17 da Deliberação CEE/MS n.º 11.055, de 26 de junho de 2017, que dispõe sobre a oferta de cursos de ensino médio, de Educação Profissional Técnica de Nível Médio e de Educação de Jovens e Adultos, nas etapas do ensino fundamental e do ensino médio, na modalidade educação a distância, no âmbito do Sistema Estadual de Ensino de Mato Grosso do Sul e em regime de colaboração com os sistemas de ensino de outras Unidades Federadas.;;http://www.cee.ms.gov.br/wp-content/uploads/2015/08/Ind.-095-2017.pdf;Indicação CEE/MS n.º 095/2017 - 
ceems-indicacao-4;http://www.cee.ms.gov.br/atos-normativos/indicacoes/;indicacao;094/2017;2017-12-31;;;;- Dispõe sobre a oferta de cursos de Ensino Médio, de Educação Profissional Técnica de Nível Médio e de Educação de Jovens e Adultos, nas etapas do ensino fundamental e do ensino médio, na modalidade educação a distância, no âmbito do Sistema Estadual de Ensino de Mato Grosso do Sul e em regime de colaboração com os sistemas de ensino de outras Unidades Federadas.;;http://www.cee.ms.gov.br/wp-content/uploads/2015/08/Ind.-094-2017.pdf;Indicação CEE/MS nº 094/2017
ceems-indicacao-5;http://www.cee.ms.gov.br/atos-normativos/indicacoes/;indicacao;093/2017;2017-12-31;;;;- Acrescenta o art. 3º-A na Deliberação CEE/MS nº 9789, de 29 de junho de 2012, que dispõe sobre os instrumentos de avaliação externa de instituições e de cursos de educação superior do Sistema Estadual de Ensino de Mato Grosso do Sul.;;http://www.cee.ms.gov.br/wp-content/uploads/2015/08/Ind.-093-2017.pdf;Indicação CEE/MS nº 093/2017 
ceems-indicacao-6;http://www.cee.ms.gov.br/atos-normativos/indicacoes/;indicacao;92/2016;2016-12-31;;;;;;http://www.cee.ms.gov.br/wp-content/uploads/2015/08/Indicação-nº-92-2016.pdf;Indicação CEE/MS nº 92/2016 
ceems-indicacao-7;http://www.cee.ms.gov.br/atos-normativos/indicacoes/;indicacao;91/2016;2016-12-31;;;;-  que r;;http://www.cee.ms.gov.br/wp-content/uploads/2015/08/Indicação-nº-91-2016.pdf;Indicação CEE/MS nº 91/2016
ceems-indicacao-8;http://www.cee.ms.gov.br/atos-normativos/indicacoes/;indicacao;NA;2016-12-31;;;;;;http://www.cee.ms.gov.br/wp-content/uploads/2015/08/Indicação-nº-90-2016.pdf;Indicação CEE/MS
ceems-indicacao-9;http://www.cee.ms.gov.br/atos-normativos/indicacoes/;indicacao;89/2016;2016-12-31;;;;- Dispõe sobre a oferta, na modalidade educação a distância, de cursos de educação de jovens e adultos, nas etapas do ensino fundamental e do ensino médio, e de educação profissional técnica de nível médio, no âmbito do Sistema Estadual de Ensino de Mato Grosso do Sul e em regime de colaboração com os sistemas de ensino de outras Unidades Federadas.;;http://www.cee.ms.gov.br/wp-content/uploads/2015/08/Indicação-nº-89-2016.pdf;Indicação CEE/MS nº 89/2016
ceems-indicacao-10;http://www.cee.ms.gov.br/atos-normativos/indicacoes/;indicacao;88/2016;2016-12-31;;;;– Dispõe sobre a interposição de recurso a resultados de avaliação externa institucional e de cursos de graduação de Instituições de Educação Superior (IES) do Sistema Estadual de Ensino de Mato Grosso do Sul.;;http://www.cee.ms.gov.br/wp-content/uploads/2015/08/Indicacao-n%C2%BA-88-2016.pdf;Indicação CEE/MS nº 88/2016
ceems-indicacao-11;http://www.cee.ms.gov.br/atos-normativos/indicacoes/;indicacao;87/2016;2016-12-31;;;; Estabelece normas para a educação básica no Sistema Estadual de Ensino de Mato Grosso do Sul.;;http://www.cee.ms.gov.br/wp-content/uploads/2015/08/Indicacao-n%C2%BA-87-2016.pdf;Indicação CEE/MS nº 87/2016
ceems-indicacao-12;http://www.cee.ms.gov.br/atos-normativos/indicacoes/;indicacao;86/2015;2015-12-31;;;; Estabelece normas complementares à Deliberação CEE/MS n.º 10.603, de 18 de dezembro de 2014, para a oferta de educação profissional técnica de nível médio no Sistema Estadual de Ensino de Mato Grosso do Sul, no que se refere à especialização técnica de nível médio e a cursos fora de sede.;;http://www.cee.ms.gov.br/wp-content/uploads/2015/08/Indica%C3%A7%C3%A3o-CEE-MS-n%C2%BA-86-2015.pdf;Indicação CEE/MS nº 86/2015 
ceems-indicacao-13;http://www.cee.ms.gov.br/atos-normativos/indicacoes/;indicacao;85/2015;2015-12-31;;;; Estabelece normas para credenciamento de Escolas de Governo criadas e mantidas pelo Poder Público, integrantes do Sistema Estadual de Ensino do Estado de Mato Grosso do Sul, para oferta de cursos de pós-graduação lato sensu, em nível de especialização.;;http://www.cee.ms.gov.br/wp-content/uploads/2015/08/indica%C3%A7%C3%A3o-cee-ms-n%C2%BA-85-2015.pdf;Indicação CEE/MS nº 85/2015
ceems-indicacao-14;http://www.cee.ms.gov.br/atos-normativos/indicacoes/;indicacao;84/2015;2015-12-31;;;; Dispõe sobre a inclusão do inciso IV no art. 3º da Deliberação CEE/MS nº 9789, de 29 de junho de 2012.;;http://www.cee.ms.gov.br/wp-content/uploads/2015/08/indica%C3%A7%C3%A3o-cee-ms-n%C2%BA-84-2015.pdf;Indicação CEE/MS nº 84/2015
ceems-indicacao-15;http://www.cee.ms.gov.br/atos-normativos/indicacoes/;indicacao;83/2015;2015-12-31;;;; Dispõe sobre a educação escolar indígena na educação básica do Sistema Estadual de Ensino de Mato Grosso do Sul.;;http://www.cee.ms.gov.br/wp-content/uploads/2015/08/indica%C3%A7%C3%A3o-n.-83-2015.pdf;Indicação CEE/MS nº 83/2015 
ceems-indicacao-16;http://www.cee.ms.gov.br/atos-normativos/indicacoes/;indicacao;82/2014;2014-12-31;;;; Fixa normas para a oferta da educação profissional técnica de nível médio no Sistema Estadual de Ensino de Mato Grosso do Sul.;;http://www.cee.ms.gov.br/wp-content/uploads/2015/08/minuta-de-indicacao-n%C2%BA-82.pdf;Indicação CEE/MS nº 82/2014 
ceems-indicacao-17;http://www.cee.ms.gov.br/atos-normativos/indicacoes/;indicacao;81/2014;2014-12-31;;;; Alteração de dispositivos da Deliberação CEE/MS n.º 9042, de 27 de fevereiro de 2009, que estabelece normas para a regulação, a supervisão e a avaliação de instituições de educação superior e de cursos de graduação e sequenciais no Sistema Estadual de Ensino de Mato Grosso do Sul.;;http://www.cee.ms.gov.br/wp-content/uploads/2015/08/indica%C3%A7%C3%A3o-cee-ms-n%C2%BA-81-2014.pdf;Indicação CEE/MS nº 81/2014
ceems-indicacao-18;http://www.cee.ms.gov.br/atos-normativos/indicacoes/;indicacao;80/2014;2014-12-31;;;; Dispõe sobre pedidos de reconsideração das decisões do Conselho Estadual de Educação de Mato Grosso do Sul.;;http://www.cee.ms.gov.br/wp-content/uploads/2015/08/indica%C3%A7%C3%A3o-cee-ms-n%C2%BA-80-2014.pdf;Indicação CEE/MS nº 80/2014 
ceems-indicacao-19;http://www.cee.ms.gov.br/atos-normativos/indicacoes/;indicacao;79/2014;2014-12-31;;;; Código de Ética dos profissionais que atuam no CEE/MS;;http://www.cee.ms.gov.br/wp-content/uploads/2015/08/indica%C3%A7%C3%A3o.pdf;Indicação CEE/MS nº 79/2014
ceems-indicacao-20;http://www.cee.ms.gov.br/atos-normativos/indicacoes/;indicacao;78/2013;2013-12-31;;;; Alteração de dispositivo da Deliberação CEE/MS n. 9.191, de 26 de dezembro de 2009, que estabelece normas para a educação básica, no Sistema Estadual de Ensino de Mato Grosso do Sul.;;http://www.cee.ms.gov.br/wp-content/uploads/2015/08/indica%C3%A7%C3%A3o-n%C2%BA-78-2013.pdf;Indicação CEE/MS nº 78/2013 
ceems-indicacao-21;http://www.cee.ms.gov.br/atos-normativos/indicacoes/;indicacao;77/2012;2012-12-31;;;; Dispõe sobre a ampliação do prazo de vigência dos atos de autorização de funcionamento da educação infantil, do ensino fundamental e do ensino médio, incluída a modalidade educação especial, das escolas privadas do Sistema Estadual de Ensino de Mato Grosso do Sul, que autuarem processo até 31 de dezembro de 2012.;;http://www.cee.ms.gov.br/wp-content/uploads/2015/08/indica%C3%A7%C3%A3o-n%C2%BA-77-2012.pdf;Indicação CEE/MS nº 77/2012
ceems-indicacao-22;http://www.cee.ms.gov.br/atos-normativos/indicacoes/;indicacao;76/2012;2012-12-31;;;; Dispõe sobre os instrumentos de avaliação externa de instituições e de cursos de educação superior do Sistema Estadual de Ensino de Mato Grosso do Sul.;;http://www.cee.ms.gov.br/wp-content/uploads/2015/08/indica%C3%A7%C3%A3o-n%C2%BA-76-2012.pdf;Indicação CEE/MS nº 76/2012
ceems-indicacao-23;http://www.cee.ms.gov.br/atos-normativos/indicacoes/;indicacao;75/2012;2012-12-31;;;; Dispõe sobre Comissões de Avaliação in loco, para fins de avaliação externa, com vistas à concessão de atos de regulação às instituições de educação superior do Sistema Estadual de Ensino de Mato Grosso do Sul.;;http://www.cee.ms.gov.br/wp-content/uploads/2015/08/indica%C3%A7%C3%A3o-n%C2%BA-75-2012.pdf;Indicação CEE/MS nº 75/2012
ceems-indicacao-24;http://www.cee.ms.gov.br/atos-normativos/indicacoes/;indicacao;74/2011;2011-12-31;;;; Alteração de dispositivo da Deliberação CEE/MS n. 9042, de 27 de fevereiro de 2009, que estabelece normas para a regulação, a supervisão e a avaliação de instituições de educação superior e de cursos de graduação e sequenciais no Sistema Estadual de Ensino de Mato Grosso do Sul.;;http://www.cee.ms.gov.br/wp-content/uploads/2015/08/indica%C3%A7%C3%A3o-74-2012.pdf;Indicação CEE/MS nº 74/2011
ceems-indicacao-25;http://www.cee.ms.gov.br/atos-normativos/indicacoes/;indicacao;73/2011;2011-12-31;;;; Dispõe sobre o Núcleo Docente Estruturante nas instituições de educação superior integrantes do Sistema Estadual de Ensino de Mato Grosso do Sul.;;http://www.cee.ms.gov.br/wp-content/uploads/2015/08/indica%C3%A7%C3%A3o-n%C2%BA-73-2011.pdf;Indicação CEE/MS nº 73/2011 
ceems-indicacao-26;http://www.cee.ms.gov.br/atos-normativos/indicacoes/;indicacao;72/2011;2011-12-31;;;; Dispõe sobre Comissões Verificadoras, para fins de avaliação, com vistas à concessão de atos de regulação da Universidade Estadual de Mato Grosso do Sul (UEMS).;;http://www.cee.ms.gov.br/wp-content/uploads/2015/08/indica%C3%A7%C3%A3o-n%C2%BA-72-2011.pdf;Indicação CEE/MS nº 72/2011 
ceems-indicacao-27;http://www.cee.ms.gov.br/atos-normativos/indicacoes/;indicacao;71/2011;2011-12-31;;;; Dispõe sobre a Validade nacional de diplomas de Cursos de Educação Profissional Técnica de nível médio.;;http://www.cee.ms.gov.br/wp-content/uploads/2015/08/indica%C3%A7%C3%A3o-n%C2%BA-71-2011-para-republica%C3%A7%C3%A3o.pdf;Indicação CEE/MS nº 71/2011
ceems-indicacao-28;http://www.cee.ms.gov.br/atos-normativos/indicacoes/;indicacao;70/2010;2010-12-31;;;; Dispõe sobre o Atendimento Educacional Especializado na educação básica, modalidade educação especial, no Sistema Estadual de Ensino de Mato Grosso do Sul.;;http://www.cee.ms.gov.br/wp-content/uploads/2015/08/indica%C3%A7%C3%A3o-n%C2%BA-70-2010.pdf;Indicação CEE/MS nº 70/2010
ceems-indicacao-29;http://www.cee.ms.gov.br/atos-normativos/indicacoes/;indicacao;69/2010;2010-12-31;;;; Altera dispositivos da Deliberação CEE/MS nº 9191, de 26 de novembro de 2009, que estabelece normas para a educação básica, no Sistema Estadual de Ensino.;;http://www.cee.ms.gov.br/wp-content/uploads/2015/08/indica%C3%A7%C3%A3o-n%C2%BA-69-2010.pdf;Indicação CEE/MS nº 69/2010
ceems-indicacao-30;http://www.cee.ms.gov.br/atos-normativos/indicacoes/;indicacao;68/2010;2010-12-31;;;; Delegação de competência à Secretaria de Estado de Educação para oferecer educação a distância no âmbito da rede estadual de ensino.;;http://www.cee.ms.gov.br/wp-content/uploads/2015/08/indica%C3%A7%C3%A3o-n%C2%BA-68-2010-.pdf;Indicação CEE/MS nº 68/2010
ceems-indicacao-31;http://www.cee.ms.gov.br/atos-normativos/indicacoes/;indicacao;67/2010;2010-12-31;;;; Dispõe sobre a ampliação da abrangência da Deliberação CEE/MS nº 9140, de 5 de outubro de 2009, que trata de Comissões Verificadoras, para fins de Avaliação de Cursos de Educação Superior oferecidos pela Universidade Estadual de Mato Grosso do Sul (UEMS).;;http://www.cee.ms.gov.br/wp-content/uploads/2015/08/indica%C3%A7%C3%A3o-n%C2%BA-67-2010.pdf;Indicação CEE/MS nº 67/2010
ceems-indicacao-32;http://www.cee.ms.gov.br/atos-normativos/indicacoes/;indicacao;66/2010;2010-12-31;;;; Dispõe sobre a delegação de competência à Secretaria de Estado de Educação.;;http://www.cee.ms.gov.br/wp-content/uploads/2015/08/indica%C3%A7%C3%A3o-n%C2%BA-66-2010.pdf;Indicação CEE/MS nº 66/2010
ceems-indicacao-33;http://www.cee.ms.gov.br/atos-normativos/indicacoes/;indicacao;65/2009;2009-12-31;;;; Fixa normas para a oferta da educação profissional técnica de nível médio no Sistema Estadual de Ensino de Mato Grosso do Sul.;;http://www.cee.ms.gov.br/wp-content/uploads/2015/08/indica%C3%A7%C3%A3o-n%C2%BA-65.pdf;Indicação CEE/MS nº 65/2009
ceems-indicacao-34;http://www.cee.ms.gov.br/atos-normativos/indicacoes/;indicacao;64/2009;2009-12-31;;;; Dispõe sobre a oferta da educação básica no Sistema Estadual de Ensino de Mato Grosso do Sul;;http://www.cee.ms.gov.br/wp-content/uploads/2015/08/indica%C3%A7%C3%A3o-n%C2%BA-64.pdf;Indicação CEE/MS nº 64/2009
ceems-indicacao-35;http://www.cee.ms.gov.br/atos-normativos/indicacoes/;indicacao;63/2009;2009-12-31;;;; Altera dispositivos da Deliberação CEE/MS nº 9090, de 15 de maio de 2009.;;http://www.cee.ms.gov.br/wp-content/uploads/2015/08/indica%C3%A7%C3%A3o-n%C2%BA-63.pdf;Indicação CEE/MS nº 63/2009
ceems-indicacao-36;http://www.cee.ms.gov.br/atos-normativos/indicacoes/;indicacao;62/2009;2009-12-31;;;; Dispõe sobre Comissões Verificadoras, para fins de Avaliação de Cursos de Educação Superior oferecidos pela Universidade Estadual de Mato Grosso do Sul (UEMS).;;http://www.cee.ms.gov.br/wp-content/uploads/2015/08/indica%C3%A7%C3%A3o-n%C2%BA-62.pdf;Indicação CEE/MS nº 62/2009
ceems-indicacao-37;http://www.cee.ms.gov.br/atos-normativos/indicacoes/;indicacao;61/2009;2009-12-31;;;; Altera dispositivos da Deliberação CEE/MS nº 9090, de 15 de maio de 2009.;;http://www.cee.ms.gov.br/wp-content/uploads/2015/08/indica%C3%A7%C3%A3o-n%C2%BA-61.pdf;Indicação CEE/MS nº 61/2009
ceems-indicacao-38;http://www.cee.ms.gov.br/atos-normativos/indicacoes/;indicacao;60/2009;2009-12-31;;;; Dispõe sobre a oferta de Cursos de Educação de Jovens e Adultos e Exames Supletivos no Sistema Estadual de Ensino de Mato Grosso do Sul.;;http://www.cee.ms.gov.br/wp-content/uploads/2015/08/indica%C3%A7%C3%A3o-n%C2%BA-60.pdf;Indicação CEE/MS nº 60/2009
ceems-indicacao-39;http://www.cee.ms.gov.br/atos-normativos/indicacoes/;indicacao;59/2009;2009-12-31;;;; Dispõe sobre a regulamentação dos §§ 2º, 3º, 4º e 5º do art. 17, e do art. 73 da Deliberação CEE/MS no 9000, de 6 de janeiro de 2009, que dispõe sobre a educação a distância no Sistema Estadual de Ensino de Mato Grosso do Sul.;;http://www.cee.ms.gov.br/wp-content/uploads/2015/08/indica%C3%A7%C3%A3o-n%C2%BA-58.pdf;Indicação CEE/MS nº 59/2009
ceems-indicacao-40;http://www.cee.ms.gov.br/atos-normativos/indicacoes/;indicacao;58/2009;2009-12-31;;;; Dispõe sobre a Educação Superior no Sistema Estadual de Ensino de Mato Grosso do Sul.;;http://www.cee.ms.gov.br/wp-content/uploads/2015/08/indica%C3%A7%C3%A3o-n%C2%BA-58.pdf;Indicação CEE/MS nº 58/2009 
ceems-indicacao-41;http://www.cee.ms.gov.br/atos-normativos/indicacoes/;indicacao;57/2009;2009-12-31;;;; Dispõe sobre a educação a distância no Sistema Estadual de Ensino de Mato Grosso do Sul.;;http://www.cee.ms.gov.br/wp-content/uploads/2015/08/indica%C3%A7%C3%A3o-n%C2%BA-57-2009.pdf;Indicação CEE/MS nº 57/2009
ceems-indicacao-42;http://www.cee.ms.gov.br/atos-normativos/indicacoes/;indicacao;56/2008;2008-12-31;;;; Dispõe sobre Delegação de competência à Secretaria de Estado de Educação.;;http://www.cee.ms.gov.br/wp-content/uploads/2015/08/indica%C3%A7%C3%A3o-n%C2%BA-56.pdf;Indicação CEE/MS nº 56/2008
ceems-indicacao-43;http://www.cee.ms.gov.br/atos-normativos/indicacoes/;indicacao;55/2008;2008-12-31;;;; Dispõe sobre a implantação do Catálogo Nacional de Cursos Técnicos – CNCT no Sistema Estadual de Ensino de Mato Grosso do Sul.;;http://www.cee.ms.gov.br/wp-content/uploads/2015/08/indica%C3%A7%C3%A3o-n%C2%BA-55-2008.pdf;Indicação CEE/MS nº 55/2008
ceems-indicacao-44;http://www.cee.ms.gov.br/atos-normativos/indicacoes/;indicacao;54/2008;2008-12-31;;;; Dispõe sobre a prorrogação dos atos de Autorização de Funcionamento da Educação Infantil e do Ensino Fundamental das escolas especiais, pertencentes ao Sistema Estadual de Ensino de Mato Grosso do Sul.;;http://www.cee.ms.gov.br/wp-content/uploads/2015/08/indica%C3%A7%C3%A3o-n%C2%BA-54-2008.pdf;Indicação CEE/MS nº 54/2008
ceems-indicacao-45;http://www.cee.ms.gov.br/atos-normativos/indicacoes/;indicacao;53/2007;2007-12-31;;;; Dispõe sobre a prorrogação dos atos de Autorização de Funcionamento da Educação Infantil, do Ensino Fundamental e do Ensino Médio, bem como da modalidade Educação Especial, das escolas particulares pertencentes ao Sistema Estadual de Ensino de Mato Grosso do Sul, que autuaram processos até 31/12/2007.;;http://www.cee.ms.gov.br/wp-content/uploads/2015/08/indica%C3%A7%C3%A3o-n%C2%BA-53-2007.pdf;Indicação CEE/MS nº 53/2007
ceems-indicacao-46;http://www.cee.ms.gov.br/atos-normativos/indicacoes/;indicacao;52/2007;2007-12-31;;;; Dispõe sobre a inclusão do § 3º no inciso III do art. 7º da Deliberação CEE/MS nº 7000/2003.;;http://www.cee.ms.gov.br/wp-content/uploads/2015/08/indica%C3%A7%C3%A3o-n%C2%BA-52-2007.pdf;Indicação CEE/MS nº 52/2007
ceems-indicacao-47;http://www.cee.ms.gov.br/atos-normativos/indicacoes/;indicacao;51/2007;2007-12-31;;;; Dispõe sobre a oferta do ensino da Língua Espanhola na Educação Básica e suas modalidades no Sistema de Ensino de Mato Grosso do Sul, estabelecido pela Lei nº 11.161/2005.;;http://www.cee.ms.gov.br/wp-content/uploads/2015/08/indica%C3%A7%C3%A3o-n%C2%BA-51-2007.pdf;Indicação CEE/MS nº 51/2007
ceems-indicacao-48;http://www.cee.ms.gov.br/atos-normativos/indicacoes/;indicacao;50/2007;2007-12-31;;;; Dispõe sobre a inclusão das disciplinas de Filosofia e Sociologia no currículo do Ensino Médio no âmbito do Sistema Estadual de Ensino de Mato Grosso do Sul.;;http://www.cee.ms.gov.br/wp-content/uploads/2015/08/indica%C3%A7%C3%A3o-n%C2%BA-050-2007.pdf;Indicação CEE/MS nº 50/2007
ceems-indicacao-49;http://www.cee.ms.gov.br/atos-normativos/indicacoes/;indicacao;49/206;206-12-31;;;; Dispõe sobre o Ensino Fundamental com duração de 9 (nove) anos, estabelecido pela Lei n° 9.394/96, alterada pelas Leis 11.114/2005 e 11.274/2006.;;http://www.cee.ms.gov.br/wp-content/uploads/2015/08/indica%C3%A7%C3%A3o-n%C2%BA-49.pdf;Indicação CEE/MS nº 49/206
ceems-indicacao-50;http://www.cee.ms.gov.br/atos-normativos/indicacoes/;indicacao;47/2005;2005-12-31;;;; Dispõe sobre a matrícula aos seis anos de idade no Ensino Fundamental.;;http://www.cee.ms.gov.br/wp-content/uploads/2015/08/indica%C3%A7%C3%A3o-n%C2%BA-47.pdf;Indicação CEE/MS nº 47/2005
ceems-indicacao-51;http://www.cee.ms.gov.br/atos-normativos/indicacoes/;indicacao;46/2005;2005-12-31;;;; Dispõe sobre o Estágio Supervisionado, no Sistema Estadual de Ensino de Mato Grosso do Sul.;;http://www.cee.ms.gov.br/wp-content/uploads/2015/08/indica%C3%A7%C3%A3o-n%C2%BA-46.pdf;Indicação CEE/MS nº 46/2005
ceems-indicacao-52;http://www.cee.ms.gov.br/atos-normativos/indicacoes/;indicacao;45/2005;2005-12-31;;;; Dispõe sobre os institutos da Classificação, da Aceleração de Estudos e do Avanço Escolar, que trata o artigo 24 da Lei nº 9.394/1996, para o Sistema Estadual de Ensino de Mato Grosso do Sul.;;http://www.cee.ms.gov.br/wp-content/uploads/2015/08/indica%C3%A7%C3%A3o-n%C2%BA-45.pdf;Indicação CEE/MS nº 45/2005
ceems-indicacao-53;http://www.cee.ms.gov.br/atos-normativos/indicacoes/;indicacao;44/2005;2005-12-31;;;; Dispõe sobre a Educação Escolar de alunos com necessidades educacionais especiais, no Sistema Estadual de Ensino.;;http://www.cee.ms.gov.br/wp-content/uploads/2015/08/indica%C3%A7%C3%A3o-n%C2%BA-44.pdf;Indicação CEE/MS nº 44/2005
ceems-indicacao-54;http://www.cee.ms.gov.br/atos-normativos/indicacoes/;indicacao;43/2004;2004-12-31;;;; Dispõe sobre a oferta do Ensino Religioso, no Ensino Fundamental, para as Escolas Públicas do Sistema Estadual de Ensino de Mato Grosso do Sul.;;http://www.cee.ms.gov.br/wp-content/uploads/2015/08/indica%C3%A7%C3%A3o-n%C2%BA-43.pdf;Indicação CEE/MS nº 43/2004
ceems-indicacao-55;http://www.cee.ms.gov.br/atos-normativos/indicacoes/;indicacao;41/2003;2003-12-31;;;; Dispõe sobre a Educação Básica nas Escolas do Campo.;;http://www.cee.ms.gov.br/wp-content/uploads/2015/08/indica%C3%A7%C3%A3o-n%C2%BA-41.pdf;Indicação CEE/MS nº 41/2003
ceems-indicacao-56;http://www.cee.ms.gov.br/atos-normativos/indicacoes/;indicacao;40/2003;2003-12-31;;;; Dispõe sobre a oferta do Curso Normal Médio no Sistema Estadual de Ensino de Mato Grosso do Sul.;;http://www.cee.ms.gov.br/wp-content/uploads/2015/08/indica%C3%A7%C3%A3o-n%C2%BA-40.pdf;Indicação CEE/MS nº 40/2003
ceems-indicacao-57;http://www.cee.ms.gov.br/atos-normativos/indicacoes/;indicacao;39/2003;2003-12-31;;;; Estabelece normas para a Equivalência de Estudos e Revalidação de Diploma de cursos realizados em país estrangeiro e dá outras providências.;;http://www.cee.ms.gov.br/wp-content/uploads/2015/08/indica%C3%A7%C3%A3o-n%C2%BA-39.pdf;Indicação CEE/MS nº 39/2003 
ceems-indicacao-58;http://www.cee.ms.gov.br/atos-normativos/indicacoes/;indicacao;38/2002;2002-12-31;;;; Estabelecer normas para a organização, estrutura e funcionamento das Escolas Indígenas pertencentes ao Sistema Estadual de Ensino de Mato Grosso do Sul, para a oferta da Educação Escolar Indígena.;;http://www.cee.ms.gov.br/wp-content/uploads/2015/08/indica%C3%A7%C3%A3o-n%C2%BA-38.pdf;Indicação CEE/MS nº 38/2002
ceems-indicacao-59;http://www.cee.ms.gov.br/atos-normativos/indicacoes/;indicacao;34/2001;2001-12-31;;;; Dispõe do Funcionamento da Educação Básica do Sistema Estadual de Ensino de Mato Grosso do Sul.;;http://www.cee.ms.gov.br/wp-content/uploads/2015/08/indica%C3%A7%C3%A3o-n%C2%BA-34.pdf;Indicação CEE/MS nº 34/2001
ceems-indicacao-60;http://www.cee.ms.gov.br/atos-normativos/indicacoes/;indicacao;33/2001;2001-12-31;;;; modificações na Deliberação CEE/MS n° 5945/2000.;;http://www.cee.ms.gov.br/wp-content/uploads/2015/08/indica%C3%A7%C3%A3o-n%C2%BA-33.pdf;Indicação CEE/MS nº 33/2001
ceems-indicacao-61;http://www.cee.ms.gov.br/atos-normativos/indicacoes/;indicacao;32/2001;2001-12-31;;;; Fixa normas para Cursos de Educação de Jovens e Adultos e Exames Supletivos e revoga as Deliberações CEE/MS nºs 5306/1998, 5726/2000, 5836/2000 e dá outras providências.;;http://www.cee.ms.gov.br/wp-content/uploads/2015/08/indica%C3%A7%C3%A3o-n%C2%BA-32.pdf;Indicação CEE/MS nº 32/2001
ceems-indicacao-62;http://www.cee.ms.gov.br/atos-normativos/indicacoes/;indicacao;31/2000;2000-12-31;;;; Fixa normas para Educação Profissional de nível técnico, revoga as Deliberações CEE/MS nº 5027/98, nº 3944/94 e nº 5832/2000 e dá outras providências.;;http://www.cee.ms.gov.br/wp-content/uploads/2015/08/indica%C3%A7%C3%A3o-n%C2%BA-31.pdf;Indicação CEE/MS nº 31/2000
ceems-deliberação-1;http://www.cee.ms.gov.br/atos-normativos/deliberacoes/;deliberação;11.388-2018;2000-12-31;;;;- Acrescenta artigo na Deliberação CEE/MS n.º 9367, de 27 de setembro de 2010, que dispõe sobre o Atendimento Educacional Especializado na educação básica, modalidade educação especial, no Sistema Estadual de Ensino de Mato Grosso do Sul.;;http://www.cee.ms.gov.br/wp-content/uploads/2018/08/del.-11.388-2018-SED.pdf;DELIBERAÇÃO CEE/MS N.º 11.388-2018
ceems-deliberação-2;http://www.cee.ms.gov.br/atos-normativos/deliberacoes/;deliberação;11.336-2018;2000-12-31;;;;- Aprova o;;http://www.cee.ms.gov.br/wp-content/uploads/2018/04/del.-11.336-2018-Instrumento.pdf;DELIBERAÇÃO CEE/MS N.° 11.336-2018
ceems-deliberação-3;http://www.cee.ms.gov.br/atos-normativos/deliberacoes/;deliberação;11.063-2017 -;2000-12-31;;;;Regulamenta os artigos 16 e 17 da Deliberação CEE/MS n.º 11.055, de 26 de junho de 2017, que dispõe sobre a oferta de cursos de ensino médio, de Educação Profissional Técnica de Nível Médio e de Educação de Jovens e Adultos, nas etapas do ensino fundamental e do ensino médio, na modalidade educação a distância, no âmbito do Sistema Estadual de Ensino de Mato Grosso do Sul e em regime de colaboração com os sistemas de ensino de outras Unidades Federadas.;;http://www.cee.ms.gov.br/wp-content/uploads/2015/08/del.-11.063-2017.pdf;DELIBERAÇÃO CEE/MS N.º 11.063-2017 -
ceems-deliberação-4;http://www.cee.ms.gov.br/atos-normativos/deliberacoes/;deliberação;11.055/2017;2017-12-31;;;;- Dispõe sobre a oferta de cursos de Ensino Médio, de Educação Profissional Técnica de Nível Médio e de Educação de Jovens e Adultos, nas etapas do ensino fundamental e do ensino médio, na modalidade educação a distância, no âmbito do Sistema Estadual de Ensino de Mato Grosso do Sul e em regime de colaboração com os sistemas de ensino de outras Unidades Federadas.;;http://www.cee.ms.gov.br/wp-content/uploads/2015/08/del.-11.055-2017.pdf;DELIBERAÇÃO CEE/MS N.º 11.055/2017
ceems-deliberação-5;http://www.cee.ms.gov.br/atos-normativos/deliberacoes/;deliberação;11.018/2017;2017-12-31;;;;-;;http://www.cee.ms.gov.br/wp-content/uploads/2015/08/del.-11.018-2017.pdf;DELIBERAÇÃO CEE/MS N.° 11.018/2017
ceems-deliberação-6;http://www.cee.ms.gov.br/atos-normativos/deliberacoes/;deliberação;10.972/2016;2016-12-31;;;;- Estabelece normas para a avaliação das instituições de ensino e de cursos do Sistema Estadual de Ensino de Mato Grosso do Sul.;;http://www.cee.ms.gov.br/wp-content/uploads/2015/08/del.-10.972-2016.pdf;DELIBERAÇÃO CEE/MS Nº 10.972/2016
ceems-deliberação-7;http://www.cee.ms.gov.br/atos-normativos/deliberacoes/;deliberação;10.847/2016;2016-12-31;;;;-;;http://www.cee.ms.gov.br/wp-content/uploads/2015/08/del.-10.847-2016.pdf;DELIBERAÇÃO CEE/MS N° 10.847/2016
ceems-deliberação-8;http://www.cee.ms.gov.br/atos-normativos/deliberacoes/;deliberação;10.846/2016;2016-12-31;;;;- Aprova o instrumento de avaliação institucional externa para credenciamento e recredenciamento de Escolas de Governo com vistas à oferta de cursos de pós-graduação lato sensu no Sistema Estadual de Ensino de Mato Grosso do Sul.;;http://www.cee.ms.gov.br/wp-content/uploads/2015/08/Del.10.846-2016.pdf;DELIBERAÇÃO CEE/MS Nº  10.846/2016
ceems-deliberação-9;http://www.cee.ms.gov.br/atos-normativos/deliberacoes/;deliberação;10.840/2016;2016-12-31;;;;– Dispõe sobre a oferta, na modalidade educação a distância, de cursos de educação de jovens e adultos, nas etapas do ensino fundamental e do ensino médio, e de educação profissional técnica de nível médio, no âmbito do Sistema Estadual de Ensino de Mato Grosso do Sul e em regime de colaboração com os sistemas de ensino de outras Unidades Federadas;;http://www.cee.ms.gov.br/wp-content/uploads/2015/08/del.-10.840-2016.pdf;DELIBERAÇÃO CEE/MS Nº 10.840/2016
ceems-deliberação-10;http://www.cee.ms.gov.br/atos-normativos/deliberacoes/;deliberação;10.825/2016;2016-12-31;;;; Dispõe sobre a interposição de recurso a resultados de avaliação externa institucional e de cursos de graduação de Instituições de Educação Superior (IES) do Sistema Estadual de Ensino de Mato Grosso do Sul.;;http://www.cee.ms.gov.br/wp-content/uploads/2015/08/del.-10.825-2016.pdf;DELIBERAÇÃO CEE/MS N.º 10.825/2016
ceems-deliberação-11;http://www.cee.ms.gov.br/atos-normativos/deliberacoes/;deliberação;10.814/2016;2016-12-31;;;;– Estabelece normas para a educação básica no Sistema Estadual de Ensino de Mato Grosso do Sul.;;http://www.cee.ms.gov.br/wp-content/uploads/2015/08/Del.-10.814-2016.pdf;DELIBERAÇÃO CEE/MS N° 10.814/2016
ceems-deliberação-12;http://www.cee.ms.gov.br/atos-normativos/deliberacoes/;deliberação;10.680/2015;2015-12-31;;;;Estabelece normas complementares à Deliberação CEE/MS n.º 10.603, de 18 de dezembro de 2014, para a oferta de educação profissional técnica de nível médio no Sistema Estadual de Ensino de Mato Grosso do Sul, no que se refere à especialização técnica de nível médio e a cursos fora de sede, e dá outras providências. ;;http://www.cee.ms.gov.br/wp-content/uploads/2015/08/Del-10.680-2015.pdf;DELIBERAÇÃO CEE/MS N.º 10.680/2015
ceems-deliberação-13;http://www.cee.ms.gov.br/atos-normativos/deliberacoes/;deliberação;10. 679/2015;2015-12-31;;;;Estabelece normas para credenciamento de Escolas de Governo criadas e mantidas pelo Poder Público, integrantes do Sistema Estadual de Ensino do Estado de Mato Grosso do Sul, para a oferta de cursos de pós-graduação lato sensu, em nível de especialização. ;;http://www.cee.ms.gov.br/wp-content/uploads/2015/08/Del-10.679-2015.pdf;DELIBERAÇÃO CEE/MS Nº 10. 679/2015
ceems-deliberação-14;http://www.cee.ms.gov.br/atos-normativos/deliberacoes/;deliberação;10.659/2015;2015-12-31;;;; Dispõe sobre a inclusão do inciso IV no art. 3º da Deliberação CEE/MS nº 9789, de 29 de junho de 2012.;;http://www.cee.ms.gov.br/wp-content/uploads/2015/08/del.-10.659-2015.pdf;DELIBERAÇÃO CEE/MS N.° 10.659/2015
ceems-deliberação-15;http://www.cee.ms.gov.br/atos-normativos/deliberacoes/;deliberação;10.647/2015;2015-12-31;;;; Dispõe sobre a educação escolar indígena na educação básica do Sistema Estadual de Ensino de Mato Grosso do Sul;;http://www.cee.ms.gov.br/wp-content/uploads/2015/08/del.10.647-2015.pdf;Deliberação CEE/MS nº 10.647/2015
ceems-deliberação-16;http://www.cee.ms.gov.br/atos-normativos/deliberacoes/;deliberação;10.603/2014;2014-12-31;;;; Fixa normas para a oferta da educação profissional técnica de nível médio no Sistema Estadual de Ensino de Mato Grosso do Sul, e dá outras providências.;;http://www.cee.ms.gov.br/wp-content/uploads/2015/08/del.10.603.pdf;DELIBERAÇÃO CEE/MS Nº 10.603/2014
ceems-deliberação-17;http://www.cee.ms.gov.br/atos-normativos/deliberacoes/;deliberação;10.493/2014;2014-12-31;;;; Altera dispositivos da Deliberação CEE/MS n.º 9042, de 27 de fevereiro de 2009, que estabelece normas para a regulação, a supervisão e a avaliação de instituições de educação superior e de cursos de graduação e sequenciais no Sistema Estadual de Ensino de Mato Grosso do Sul.;;http://www.cee.ms.gov.br/wp-content/uploads/2015/08/del.-10.493-2014.pdf;DELIBERAÇÃO CEE/MS Nº 10.493/2014 
ceems-deliberação-18;http://www.cee.ms.gov.br/atos-normativos/deliberacoes/;deliberação;10.443/2014;2014-12-31;;;; Dispõe sobre pedidos de reconsideração das decisões ou atos emitidos pelo Conselho Estadual de Educação de Mato Grosso do Sul.;;http://www.cee.ms.gov.br/wp-content/uploads/2015/08/del.-10.443-2014.pdf;DELIBERAÇÃO CEE/MS Nº 10.443/2014
ceems-deliberação-19;http://www.cee.ms.gov.br/atos-normativos/deliberacoes/;deliberação;10.321/2014;2014-12-31;;;; Aprova o Código de Ética dos profissionais que atuam no Conselho Estadual de Educação de Mato Grosso do Sul.;;http://www.cee.ms.gov.br/wp-content/uploads/2015/08/del.-10.321-2014-.pdf;DELIBERAÇÃO CEE/MS Nº 10.321/2014
ceems-deliberação-20;http://www.cee.ms.gov.br/atos-normativos/deliberacoes/;deliberação;10.099/2013;2013-12-31;;;; Acrescenta parágrafo único ao art. 90 da Deliberação CEE/MS n.º 9191, de 26 de novembro de 2009.;;http://www.cee.ms.gov.br/wp-content/uploads/2015/08/del.-10.099-2013.pdf;DELIBERAÇÃO CEE/MS Nº 10.099/2013 
ceems-deliberação-21;http://www.cee.ms.gov.br/atos-normativos/deliberacoes/;deliberação;9927/2012;2012-12-31;;;; Amplia o prazo de vigência dos atos de autorização de funcionamento da educação infantil, do ensino fundamental e do ensino médio,incluída a modalidade educação especial, das escolas privadas do Sistema Estadual de Ensino de Mato Grosso do Sul.;;http://www.cee.ms.gov.br/wp-content/uploads/2015/08/del.-9927.pdf;DELIBERAÇÃO CEE/MS Nº 9927/2012
ceems-deliberação-22;http://www.cee.ms.gov.br/atos-normativos/deliberacoes/;deliberação;9789/2012;2012-12-31;;;; Dispõe sobre os instrumentos de avaliação externa de instituições e de cursos de educação superior do Sistema Estadual de Ensino de Mato Grosso do Sul.;;http://www.cee.ms.gov.br/wp-content/uploads/2015/08/del.-9789.pdf;DELIBERAÇÃO CEE/MS N° 9789/2012
ceems-deliberação-23;http://www.cee.ms.gov.br/atos-normativos/deliberacoes/;deliberação;9788/2012;2012-12-31;;;; Dispõe sobre Comissões de Avaliação in loco, para fins de avaliação externa, com vistas à concessão de atos de regulação às instituições de educação superior do Sistema Estadual de Ensino de Mato Grosso do Sul, e dá outras providências.;;http://www.cee.ms.gov.br/wp-content/uploads/2015/08/del.-9788.pdf;DELIBERAÇÃO CEE/MS N° 9788/2012 
ceems-deliberação-24;http://www.cee.ms.gov.br/atos-normativos/deliberacoes/;deliberação;9776/2012;2012-12-31;;;; Altera dispositivo da Deliberação CEE/MS n.º 9042, de 27 de fevereiro de 2009, que estabelece normas para a educação superior, no Sistema Estadual de Ensino de Mato Grosso do Sul.;;http://www.cee.ms.gov.br/wp-content/uploads/2015/08/del.-9776.pdf;DELIBERAÇÃO CEE/MS N° 9776/2012
ceems-deliberação-25;http://www.cee.ms.gov.br/atos-normativos/deliberacoes/;deliberação;9749/2012;2012-12-31;;;; Credencia, em caráter excepcional, os Centros de Atendimento Educacional Especializado (CAEEs), que menciona, para oferecer Atendimento Educacional Especializado (AEE).;;http://www.cee.ms.gov.br/wp-content/uploads/2015/08/del.-9749.pdf;DELIBERAÇÃO CEE/MS N° 9749/2012
ceems-deliberação-26;http://www.cee.ms.gov.br/atos-normativos/deliberacoes/;deliberação;9706/2011;2011-12-31;;;; Altera o art. 43 da Deliberação CEE/MS nº 9191, de 26 de novembro de 2009, que estabelece normas para a educação básica no Sistema Estadual de Ensino, e dá outras providências.;;http://www.cee.ms.gov.br/wp-content/uploads/2015/08/del.-9706.pdf;DELIBERAÇÃO CEE/MS Nº 9706/2011 
ceems-deliberação-27;http://www.cee.ms.gov.br/atos-normativos/deliberacoes/;deliberação;9662/2011;2011-12-31;;;; Dispõe sobre o Núcleo Docente Estruturante nas instituições de educação superior integrantes do Sistema Estadual de Ensino de Mato Grosso do Sul.;;http://www.cee.ms.gov.br/wp-content/uploads/2015/08/del.-9662.pdf;DELIBERAÇÃO CEE/MS N° 9662/2011
ceems-deliberação-28;http://www.cee.ms.gov.br/atos-normativos/deliberacoes/;deliberação;9580/2011;2011-12-31;;;; Aprova o Instrumento de Avaliação para fins de credenciamento de instituição de ensino e autorização de funcionamento de Cursos de Educação de Jovens e Adultos e Educação Profissional Técnica de nível médio, na modalidade educação a distância, no Sistema Estadual de Ensino de Mato Grosso do Sul.;;http://www.cee.ms.gov.br/wp-content/uploads/2015/08/del.-9580.pdf;DELIBERAÇÃO CEE/MS N° 9580/2011
ceems-deliberação-29;http://www.cee.ms.gov.br/atos-normativos/deliberacoes/;deliberação;9563/2011;2011-12-31;;;; Amplia o prazo de vigência dos atos de autorização de funcionamento da educação infantil e do ensino fundamental das escolas especiais pertencentes ao Sistema Estadual de Ensino.;;http://www.cee.ms.gov.br/wp-content/uploads/2015/08/del.-9563.pdf;DELIBERAÇÃO CEE/MS N° 9563/2011 
ceems-deliberação-30;http://www.cee.ms.gov.br/atos-normativos/deliberacoes/;deliberação;9502/2011;2011-12-31;;;; Autoriza instituições de ensino do Sistema Estadual de Ensino de Mato Grosso do Sul, que menciona, a avaliar conhecimentos e competências profissionais e a expedir diploma.;;http://www.cee.ms.gov.br/wp-content/uploads/2015/08/del-9502.pdf;DELIBERAÇÃO CEE/MS Nº 9502/2011 
ceems-deliberação-31;http://www.cee.ms.gov.br/atos-normativos/deliberacoes/;deliberação;9501/2011;2011-12-31;;;; Dispõe sobre Comissões Verificadoras, para fins de avaliação com vistas à concessão de atos de regulação da Universidade Estadual de Mato Grosso do Sul (UEMS) e dá outras providências.;;http://www.cee.ms.gov.br/wp-content/uploads/2015/08/del-9501.pdf;DELIBERAÇÃO CEE/MS N° 9501/2011
ceems-deliberação-32;http://www.cee.ms.gov.br/atos-normativos/deliberacoes/;deliberação;9486/2011;2011-12-31;;;; Dispõe sobre a validade de diplomas de Cursos da Educação Profissional Técnica de nível médio autorizados no período de transitoriedade do Cadastro Nacional de Cursos Técnicos de Nível Médio – CNCT para o Sistema Nacional de Informações da Educação Profissional e Tecnológica – SISTEC.;;http://www.cee.ms.gov.br/wp-content/uploads/2015/08/del-9486.pdf;DELIBERAÇÃO CEE/MS Nº 9486/2011
ceems-deliberação-33;http://www.cee.ms.gov.br/atos-normativos/deliberacoes/;deliberação;9377/2010;2010-12-31;;;; Dispõe sobre a realização de exames supletivos no Sistema Estadual de Ensino de Mato Grosso do Sul e delega competência à Secretaria de Estado de Educação.;;http://www.cee.ms.gov.br/wp-content/uploads/2015/08/del-9377.pdf;DELIBERAÇÃO CEE/MS N° 9377/2010 
ceems-deliberação-34;http://www.cee.ms.gov.br/atos-normativos/deliberacoes/;deliberação;9375/2010;2010-12-31;;;; Autoriza instituições de ensino do Sistema Estadual de Ensino de Mato Grosso do Sul, que menciona, a avaliar conhecimentos e competências da educação profissional e a expedir diploma.;;http://www.cee.ms.gov.br/wp-content/uploads/2015/08/del-9375.pdf;DELIBERAÇÃO CEE/MS N° 9375/2010
ceems-deliberação-35;http://www.cee.ms.gov.br/atos-normativos/deliberacoes/;deliberação;9374/2010;2010-12-31;;;; Amplia o prazo de vigência dos atos de autorização de funcionamento da educação infantil e do ensino fundamental, das escolas especiais mantidas por APAEs, que menciona, pertencentes ao Sistema Estadual de Ensino de Mato Grosso do Sul.;;http://www.cee.ms.gov.br/wp-content/uploads/2015/08/del-9374.pdf;DELIBERAÇÃO CEE/MS N° 9374/2010 
ceems-deliberação-36;http://www.cee.ms.gov.br/atos-normativos/deliberacoes/;deliberação;9367/2010;2010-12-31;;;; Dispõe sobre o Atendimento Educacional Especializado na educação básica, modalidade educação especial, no Sistema Estadual de Ensino de Mato Grosso do Sul.;;http://www.cee.ms.gov.br/wp-content/uploads/2015/08/del-9367.pdf;DELIBERAÇÃO CEE/MS N° 9367/2010
ceems-deliberação-37;http://www.cee.ms.gov.br/atos-normativos/deliberacoes/;deliberação;9345/2010;2010-12-31;;;; Altera dispositivos da Deliberação CEE/MS nº 9191, de 26 de novembro de 2009, que estabelece normas para a educação básica, no Sistema Estadual de Ensino de Mato Grosso do Sul.;;http://www.cee.ms.gov.br/wp-content/uploads/2015/08/del-9345-2.pdf;DELIBERAÇÃO CEE/MS N° 9345/2010
ceems-deliberação-38;http://www.cee.ms.gov.br/atos-normativos/deliberacoes/;deliberação;9294/2010;2010-12-31;;;; Dispõe sobre delegação de competência à Secretaria de Estado de Educação para oferecer educação a distância no âmbito da rede estadual de ensino.;;http://www.cee.ms.gov.br/wp-content/uploads/2015/08/del-9294.pdf;DELIBERAÇÃO CEE/MS N° 9294/2010
ceems-deliberação-39;http://www.cee.ms.gov.br/atos-normativos/deliberacoes/;deliberação;9273/2010;2010-12-31;;;; Dispõe sobre a ampliação da abrangência da Deliberação CEE/MS nº 9140, de 5 de outubro de 2009, que trata de Comissões Verificadoras, para fins de Avaliação de Cursos de Educação Superior, oferecidos pela Universidade Estadual de Mato Grosso do Sul (UEMS) e dá outras providências.;;http://www.cee.ms.gov.br/wp-content/uploads/2015/08/del-9273.pdf;DELIBERAÇÃO CEE/MS N° 9273/2010
ceems-deliberação-40;http://www.cee.ms.gov.br/atos-normativos/deliberacoes/;deliberação;9265/2010;2010-12-31;;;; Dispõe sobre a delegação de competência à Secretaria de Estado de Educação.;;http://www.cee.ms.gov.br/wp-content/uploads/2015/08/del-9265-2010.pdf;DELIBERAÇÃO CEE/MS N° 9265/2010 
ceems-deliberação-41;http://www.cee.ms.gov.br/atos-normativos/deliberacoes/;deliberação;9195/2009;2009-12-31;;;; Fixa normas para a oferta da educação profissional técnica de nível médio no Sistema Estadual de Ensino de Mato Grosso do Sul e dá outras providências.;;http://www.cee.ms.gov.br/wp-content/uploads/2015/08/del-9195.pdf;DELIBERAÇÃO CEE/MS Nº 9195/2009 
ceems-deliberação-42;http://www.cee.ms.gov.br/atos-normativos/deliberacoes/;deliberação;9191/2009;2009-12-31;;;; Estabelece normas para a educação básica, no Sistema Estadual de Ensino de Mato Grosso do Sul.;;http://www.cee.ms.gov.br/wp-content/uploads/2015/08/del-9191-2010.pdf;DELIBERAÇÃO CEE/MS N° 9191/2009
ceems-deliberação-43;http://www.cee.ms.gov.br/atos-normativos/deliberacoes/;deliberação;9160/2009;2009-12-31;;;; Dispõe sobre a alteração dos arts. 11, 47, 49 e 58 da Deliberação CEE/MS nº 9090, de 15 de maio de 2009.;;http://www.cee.ms.gov.br/wp-content/uploads/2015/08/del-9160.pdf;DELIBERAÇÃO CEE/MS N° 9160/2009
ceems-deliberação-44;http://www.cee.ms.gov.br/atos-normativos/deliberacoes/;deliberação;9140/2009;2009-12-31;;;; Dispõe sobre Comissões Verificadoras, para fins de Avaliação de Cursos de Educação Superior oferecidos pela Universidade Estadual de Mato Grosso do Sul (UEMS) e dá outras providências.;;http://www.cee.ms.gov.br/wp-content/uploads/2015/08/del-9140.pdf;DELIBERAÇÃO CEE/MS nº 9140/2009 
ceems-deliberação-45;http://www.cee.ms.gov.br/atos-normativos/deliberacoes/;deliberação;9103/2009;2009-12-31;;;; Dispõe sobre a alteração dos arts. 47, 49 e 58 da Deliberação CEE/MS nº 9090, de 15 de maio de 2009.;;http://www.cee.ms.gov.br/wp-content/uploads/2015/08/del-9103-.pdf;DELIBERAÇÃO CEE/MS N° 9103/2009
ceems-deliberação-46;http://www.cee.ms.gov.br/atos-normativos/deliberacoes/;deliberação;9090/2009;2009-12-31;;;; Estabelece normas para Cursos de Educação de Jovens e Adultos e Exames Supletivos no Sistema Estadual de Ensino de Mato Grosso do Sul.;;http://www.cee.ms.gov.br/wp-content/uploads/2015/08/del-9090.pdf;DELIBERAÇÃO CEE/MS Nº 9090/2009
ceems-deliberação-47;http://www.cee.ms.gov.br/atos-normativos/deliberacoes/;deliberação;9161/2009;2009-12-31;;;;-Altera o art. 8º da Deliberação CEE/MS nº 8434, de 2 de outubro de 2007.;;http://www.cee.ms.gov.br/wp-content/uploads/2015/08/del-9161.pdf;DELIBERAÇÃO CEE/MS N° 9161/2009
ceems-deliberação-48;http://www.cee.ms.gov.br/atos-normativos/deliberacoes/;deliberação;9154/2009;2009-12-31;;;;-Revoga o art. 13 da Deliberação CEE/MS nº 6321, de 17 de agosto de 2001, e dá outras providências.;;http://www.cee.ms.gov.br/wp-content/uploads/2015/08/del-9154.pdf;DELIBERAÇÃO CEE/MS N° 9154/2009
ceems-deliberação-49;http://www.cee.ms.gov.br/atos-normativos/deliberacoes/;deliberação;9059/2009;2009-12-31;;;; Regulamenta os §§ 2º, 3º, 4º e 5º do art. 17, e o art. 73 da Deliberação CEE/MS no 9000, de 6 de janeiro de 2009, que dispõe sobre a educação a distância no Sistema Estadual de Ensino de Mato Grosso do Sul.;;http://www.cee.ms.gov.br/wp-content/uploads/2015/08/del-9059.pdf;DELIBERAÇÃO CEE/MS Nº 9059/2009
ceems-deliberação-50;http://www.cee.ms.gov.br/atos-normativos/deliberacoes/;deliberação;9042/2009;2009-12-31;;;; Estabelece normas para a regulação, a supervisão e a avaliação de instituições de educação superior e de cursos de graduação e sequenciais no Sistema Estadual de Ensino de Mato Grosso do Sul.;;http://www.cee.ms.gov.br/wp-content/uploads/2015/08/del-9042.pdf;DELIBERAÇÃO CEE/MS Nº 9042/2009
ceems-deliberação-51;http://www.cee.ms.gov.br/atos-normativos/deliberacoes/;deliberação;9000/2009;2009-12-31;;;; Dispõe sobre a educação a distância no Sistema Estadual de Ensino de Mato Grosso do Sul.;;http://www.cee.ms.gov.br/wp-content/uploads/2015/08/del-9000.pdf;DELIBERAÇÃO CEE/MS Nº 9000/2009
ceems-deliberação-52;http://www.cee.ms.gov.br/atos-normativos/deliberacoes/;deliberação;8890/2008;2008-12-31;;;; Dispõe sobre delegação de competência à Secretaria de Estado de Educação.;;http://www.cee.ms.gov.br/wp-content/uploads/2015/08/del-8890.pdf;DELIBERAÇÃO CEE/MS Nº 8890/2008
ceems-deliberação-53;http://www.cee.ms.gov.br/atos-normativos/deliberacoes/;deliberação;8830/2008;2008-12-31;;;; Dispõe sobre a implantação do Catálogo Nacional de Cursos Técnicos de Nível Médio – CNCT no Sistema Estadual de Ensino de Mato Grosso do Sul.;;http://www.cee.ms.gov.br/wp-content/uploads/2015/08/del-8830.pdf;DELIBERAÇÃO CEE/MS Nº 8830/2008
ceems-deliberação-54;http://www.cee.ms.gov.br/atos-normativos/deliberacoes/;deliberação;8746/2008;2008-12-31;;;; Prorroga os atos de Autorização de Funcionamento da Educação Infantil e do Ensino Fundamental, das escolas especiais, pertencentes ao Sistema Estadual de Ensino de Mato Grosso do Sul.;;http://www.cee.ms.gov.br/wp-content/uploads/2015/08/del-8746.pdf;DELIBERAÇÃO CEE/MS Nº 8746/2008
ceems-deliberação-55;http://www.cee.ms.gov.br/atos-normativos/deliberacoes/;deliberação;8569/2007;2007-12-31;;;; Prorroga os atos de Autorização de Funcionamento da Educação Infantil, do Ensino Fundamental e do Ensino Médio, bem como da modalidade Educação Especial, das escolas particulares pertencentes ao Sistema Estadual de Ensino de Mato Grosso do Sul.;;http://www.cee.ms.gov.br/wp-content/uploads/2015/08/del-8569.pdf;DELIBERAÇÃO CEE/MS nº 8569/2007
ceems-deliberação-56;http://www.cee.ms.gov.br/atos-normativos/deliberacoes/;deliberação;8492/2007;2007-12-31;;;;- Prorroga o prazo de vigência dos atos de Reconhecimento e de Renovação de Reconhecimento dos cursos oferecidos pela Universidade Estadual de Mato Grosso do Sul – Universidade Estadual de Mato Grosso do Sul – UEMS, sediada em Dourados/MS.;;http://www.cee.ms.gov.br/wp-content/uploads/2015/08/Del.-8492.pdf;DELIBERAÇÃO CEE/MS nº 8492/2007 
ceems-deliberação-57;http://www.cee.ms.gov.br/atos-normativos/deliberacoes/;deliberação;8445/2007;2007-12-31;;;; Dispõe sobre a inclusão do § 3º no inciso III do art. 7º da Deliberação CEE/MS nº 7000, de 28/03/2003.;;http://www.cee.ms.gov.br/wp-content/uploads/2015/08/del-8445.pdf;DELIBERAÇÃO CEE/MS nº 8445/2007
ceems-deliberação-58;http://www.cee.ms.gov.br/atos-normativos/deliberacoes/;deliberação;8434/2007;2007-12-31;;;; Dispõe sobre a oferta do ensino da Língua Espanhola na Educação Básica e suas modalidades, no Sistema Estadual de Ensino do Estado de Mato Grosso do Sul, e dá outras providências.;;http://www.cee.ms.gov.br/wp-content/uploads/2015/08/del-8434.pdf;DELIBERAÇÃO CEE/MS nº 8434/2007
ceems-deliberação-59;http://www.cee.ms.gov.br/atos-normativos/deliberacoes/;deliberação;8408/2007;2007-12-31;;;; Dispõe sobre a inclusão das disciplinas de Filosofia e de Sociologia no currículo do Ensino Médio e suas modalidades, no âmbito do Sistema Estadual de Ensino de Mato Grosso do Sul.;;http://www.cee.ms.gov.br/wp-content/uploads/2015/08/del-8408.pdf;DELIBERAÇÃO CEE/MS nº 8408/2007
ceems-deliberação-60;http://www.cee.ms.gov.br/atos-normativos/deliberacoes/;deliberação;8144/2006;2006-12-31;;;; Dispõe sobre o Ensino Fundamental, com duração de 9 (nove) anos, e matrícula obrigatória a partir dos seis anos de idade, no Sistema Estadual de Ensino de Mato Grosso do Sul.;;http://www.cee.ms.gov.br/wp-content/uploads/2015/08/del-8144.pdf;DELIBERAÇÃO CEE/MS nº 8144/2006
ceems-deliberação-61;http://www.cee.ms.gov.br/atos-normativos/deliberacoes/;deliberação;8130/2006;2006-12-31;;;; Dispõe sobre a inclusão de Parágrafo único ao art. 14 da Deliberação CEE/ MS nº 6321, de 17/08/2001.;;http://www.cee.ms.gov.br/wp-content/uploads/2015/08/del-8130-1.pdf;DELIBERAÇÃO CEE/MS n° 8130/2006
ceems-deliberação-62;http://www.cee.ms.gov.br/atos-normativos/deliberacoes/;deliberação;8109/2006;2006-12-31;;;;" Dispõe sobre a alteração do art. 3º; da alínea “b” inciso II do art. 4º; do art. 12 e inclusão de inciso no art. 14 da Deliberação CEE/MS nº 7110, de 1º de outubro de 2003.";;http://www.cee.ms.gov.br/wp-content/uploads/2015/08/del-8109.pdf;DELIBERAÇÃO CEE/MS nº 8109/2006
ceems-deliberação-63;http://www.cee.ms.gov.br/atos-normativos/deliberacoes/;deliberação;8108/2006;2006-12-31;;;; Dispõe sobre a inclusão de alínea no inciso II do art. 26 da Deliberação CEE/MS nº 7828/05, de 30/05/2005.;;http://www.cee.ms.gov.br/wp-content/uploads/2015/08/del-8108.pdf;DELIBERAÇÃO CEE/MS nº 8108/2006 
ceems-deliberação-64;http://www.cee.ms.gov.br/atos-normativos/deliberacoes/;deliberação;7872/2005;2005-12-31;;;; Dispõe sobre o ingresso de crianças de seis anos de idade no Ensino Fundamental, do Sistema Estadual de Ensino.;;http://www.cee.ms.gov.br/wp-content/uploads/2015/08/del-7872.pdf;DELIBERAÇÃO CEE/MS nº 7872/2005
ceems-deliberação-65;http://www.cee.ms.gov.br/atos-normativos/deliberacoes/;deliberação;7860/2005;2005-12-31;;;; Dispõe sobre o Estágio Supervisionado no Sistema Estadual de Ensino de Mato Grosso do Sul e dá outras providências.;;http://www.cee.ms.gov.br/wp-content/uploads/2015/08/del-7860.pdf;DELIBERAÇÃO CEE/MS nº 7860/2005 
ceems-deliberação-66;http://www.cee.ms.gov.br/atos-normativos/deliberacoes/;deliberação;7844/2005;2005-12-31;;;; Dispõe sobre os institutos da Classificação, da Aceleração de Estudos e do Avanço Escolar, que trata o artigo 24 da Lei nº 9.394/96, para o Sistema Estadual de Ensino de Mato Grosso do Sul e dá outras providências.;;http://www.cee.ms.gov.br/wp-content/uploads/2015/08/del-7844.pdf;DELIBERAÇÃO CEE/MS nº 7844/2005
ceems-deliberação-67;http://www.cee.ms.gov.br/atos-normativos/deliberacoes/;deliberação;7828/2005;2005-12-31;;;; Dispõe sobre a Educação Escolar de alunos com necessidades educacionais especiais no Sistema Estadual de Ensino.;;http://www.cee.ms.gov.br/wp-content/uploads/2015/08/del-7828.pdf;DELIBERAÇÃO CEE/MS nº 7828/2005
ceems-deliberação-68;http://www.cee.ms.gov.br/atos-normativos/deliberacoes/;deliberação;7760/2004;2004-12-31;;;; Dispõe sobre a oferta do Ensino Religioso no Ensino Fundamental para as escolas públicas, do Sistema Estadual de Mato Grosso do Sul.;;http://www.cee.ms.gov.br/wp-content/uploads/2015/08/del-7760.pdf;DELIBERAÇÃO CEE/MS nº 7760/2004
ceems-deliberação-69;http://www.cee.ms.gov.br/atos-normativos/deliberacoes/;deliberação;7111/2003;2003-12-31;;;; Dispõe sobre o funcionamento da Educação Básica nas Escolas do Campo, no Sistema Estadual de Ensino de Mato Grosso do Sul.;;http://www.cee.ms.gov.br/wp-content/uploads/2015/08/del-7111.pdf;DELIBERAÇÃO CEE/MS nº 7111/2003
ceems-deliberação-70;http://www.cee.ms.gov.br/atos-normativos/deliberacoes/;deliberação;7110/2003;2003-12-31;;;; Dispõe sobre a oferta do Curso Normal Médio no Sistema de Ensino do Estado de Mato Grosso do Sul.;;http://www.cee.ms.gov.br/wp-content/uploads/2015/08/del-7110.pdf;DELIBERAÇÃO CEE/MS nº 7110/2003
ceems-deliberação-71;http://www.cee.ms.gov.br/atos-normativos/deliberacoes/;deliberação;7014/2003;2003-12-31;;;; Dispõe sobre a inclusão do § 3º no Art. 5º e a supressão do § 4º do Art. 16, da Deliberação CEE/MS nº 6321, de 17 de agosto de 2001.;;http://www.cee.ms.gov.br/wp-content/uploads/2015/08/del-7014.pdf;DELIBERAÇÃO CEE/MS nº 7014/2003
ceems-deliberação-72;http://www.cee.ms.gov.br/atos-normativos/deliberacoes/;deliberação;7000/2003;2003-12-31;;;; Estabelece normas para a equivalência de Estudos e Revalidação de Diploma ou Certificado de cursos realizados em país estrangeiro e dá outras providências.;;http://www.cee.ms.gov.br/wp-content/uploads/2015/08/del-7000.pdf;DELIBERAÇÃO CEE/MS nº 7000/2003
ceems-deliberação-73;http://www.cee.ms.gov.br/atos-normativos/deliberacoes/;deliberação;6767/2002;2002-12-31;;;; Fixa normas para a organização, estrutura e funcionamento das Escolas Indígenas pertencentes ao Sistema Estadual de Ensino de Mato Grosso do Sul para oferta da Educação escolar Indígena e dá outras providências.;;http://www.cee.ms.gov.br/wp-content/uploads/2015/08/del-6767.pdf;DELIBERAÇÃO CEE/MS nº 6767/2002
ceems-deliberação-74;http://www.cee.ms.gov.br/atos-normativos/deliberacoes/;deliberação;6552/2002;2002-12-31;;;; Dispõe sobre a revogação do inciso II, do Art. 5º, da Deliberação CEE/MS nº 4490, de 25/04/1996, que fixa normas para a Regularização de Vida Escolar e Convalidação de Estudos.;;http://www.cee.ms.gov.br/wp-content/uploads/2015/08/del-6552.pdf;DELIBERAÇÃO CEE/MS n° 6552/2002
ceems-deliberação-75;http://www.cee.ms.gov.br/atos-normativos/deliberacoes/;deliberação;6534/2002;2002-12-31;;;; Dispõe sobre a inclusão de Parágrafo no art. 44 da Deliberação CEE/MS nº 6363, de 19 de outubro de 2001.;;http://www.cee.ms.gov.br/wp-content/uploads/2015/08/del-6534.pdf;DELIBERAÇÃO CEE/MS n° 6534/2002
ceems-deliberação-76;http://www.cee.ms.gov.br/atos-normativos/deliberacoes/;deliberação;6363/2001;2001-12-31;;;; Dispõe sobre o funcionamento da Educação Básica, no Sistema Estadual de Ensino de Mato Grosso do Sul.;;http://www.cee.ms.gov.br/wp-content/uploads/2015/08/del-6363.pdf;DELIBERAÇÃO CEE/MS n° 6363/2001
ceems-deliberação-77;http://www.cee.ms.gov.br/atos-normativos/deliberacoes/;deliberação;6321/2001;2001-12-31;;;; Fixa normas para a Educação Profissional de nível técnico para o Sistema Estadual de Ensino de MS e dá outras providências.;;http://www.cee.ms.gov.br/wp-content/uploads/2015/08/del-6321.pdf;DELIBERAÇÃO CEE/MS nº 6321/2001
ceems-deliberação-78;http://www.cee.ms.gov.br/atos-normativos/deliberacoes/;deliberação;6220/2001;2001-12-31;;;; Fixa normas para Cursos de Educação de Jovens e Adultos e Exames Supletivos e revoga as Deliberações CEE/MS nºs 5306/1998, 5726/2000 e 5836/2000 e dá outras providências.;;http://www.cee.ms.gov.br/wp-content/uploads/2015/08/del-6220.pdf;DELIBERAÇÃO CEE/MS nº 6220/2001
ceems-deliberação-79;http://www.cee.ms.gov.br/atos-normativos/deliberacoes/;deliberação;5830/2000;2000-12-31;;;; Prorroga o prazo estipulado pelo art. 2º da Deliberação CEE/MS nº 5726, de 17 de março de 2000.;;http://www.cee.ms.gov.br/wp-content/uploads/2015/08/del-5830.pdf;DELIBERAÇÃO CEE/MS n° 5830/2000
ceems-deliberação-80;http://www.cee.ms.gov.br/atos-normativos/deliberacoes/;deliberação;5829/2000;2000-12-31;;;; Revoga a Deliberação CEE/MS nº 2665/90, que institui no Sistema Estadual de Ensino, em nível de 2º Grau, o Curso Técnico de Musica com as Habilitações Técnico em Instrumento e Técnico em Canto.;;http://www.cee.ms.gov.br/wp-content/uploads/2015/08/del-5829.pdf;DELIBERAÇÃO CEE/MS n° 5829/2000
ceems-deliberação-81;http://www.cee.ms.gov.br/atos-normativos/deliberacoes/;deliberação;5750/2000;2000-12-31;;;; Revoga a Deliberação CEE/MS nº 757/84.;;http://www.cee.ms.gov.br/wp-content/uploads/2015/08/del-5750.pdf;DELIBERAÇÃO CEE/MS n° 5750/2000 
ceems-deliberação-82;http://www.cee.ms.gov.br/atos-normativos/deliberacoes/;deliberação;5443/1999;1999-12-31;;;; Revoga as Deliberações CEE/MS nºs 1813/88 e 3707/93.;;http://www.cee.ms.gov.br/wp-content/uploads/2015/08/del-5443.pdf;DELIBERAÇÃO CEE/MS nº 5443/1999 
ceems-deliberação-83;http://www.cee.ms.gov.br/atos-normativos/deliberacoes/;deliberação;5333/1999;1999-12-31;;;; Dispõe sobre custeio das comissões de verificação e de acompanhamento de atividades das Instituições de Ensino Superior e de Universidades vinculadas ao Sistema de Ensino do Estado de Mato Grosso do Sul.;;http://www.cee.ms.gov.br/wp-content/uploads/2015/08/del-5333.pdf;DELIBERAÇÃO CEE/MS nº 5333/1999
ceems-deliberação-84;http://www.cee.ms.gov.br/atos-normativos/deliberacoes/;deliberação;5222/1998;1998-12-31;;;; Revoga a Deliberação CEE/MS nº 4518, de 21 de junho de 1996.;;http://www.cee.ms.gov.br/wp-content/uploads/2015/08/del-5222.pdf;DELIBERAÇÃO CEE/MS n° 5222/1998
ceems-deliberação-85;http://www.cee.ms.gov.br/atos-normativos/deliberacoes/;deliberação;5132/1998;1998-12-31;;;; CEE/MS Fixa prazo para adequação do estatuto e do regimento da instituição de ensino superior do Sistema Estadual de Ensino à Lei nº 9.394, de 20/23/96.;;http://www.cee.ms.gov.br/wp-content/uploads/2015/08/del-5132.pdf;DELIBERAÇÃO CEE/MS n° 5132/1998 
ceems-deliberação-86;http://www.cee.ms.gov.br/atos-normativos/deliberacoes/;deliberação;5092/1998;1998-12-31;;;;" Revoga as Deliberações CEE nº 4356/95; nº 3987/94 e o artigo 5º da Deliberação n° 87/80; nº 100/80; nº 3643/93; nº 3909/94; nº 350/82; § 2º do artigo 7º da Deliberação nº 4260/95; nº 3318/92 e o art. 4º da Deliberação CEE/MS nº 89/80.";;http://www.cee.ms.gov.br/wp-content/uploads/2015/08/del-5092.pdf;DELIBERAÇÃO CEE/MS n° 5092/1998
ceems-deliberação-87;http://www.cee.ms.gov.br/atos-normativos/deliberacoes/;deliberação;4972/1998;1998-12-31;;;; Acrescenta Parágrafo único ao art. 12 da Deliberação CEE/MS nº 4518, de 21 de junho de 1996.;;http://www.cee.ms.gov.br/wp-content/uploads/2015/08/del-4972.pdf;DELIBERAÇÃO CEE/MS n° 4972/1998 
ceems-deliberação-88;http://www.cee.ms.gov.br/atos-normativos/deliberacoes/;deliberação;4874/1997;1997-12-31;;;; Revoga a Deliberação CEE nº 161, de 10 de junho de 1981.;;http://www.cee.ms.gov.br/wp-content/uploads/2015/08/del-4874.pdf;DELIBERAÇÃO CEE/MS n° 4874/1997 
ceems-deliberação-89;http://www.cee.ms.gov.br/atos-normativos/deliberacoes/;deliberação;4828/1997;1997-12-31;;;; Dispõe sobre estudos de recuperação, carga horária mínima anual e dias de efetivo trabalho escolar nas Unidades Escolares do Ensino Fundamental e Médio do Sistema Estadual de Ensino e dá outras providências.;;http://www.cee.ms.gov.br/wp-content/uploads/2015/08/del-4828.pdf;DELIBERAÇÃO CEE/MS n° 4828/1997
ceems-deliberação-90;http://www.cee.ms.gov.br/atos-normativos/deliberacoes/;deliberação;4807/1997;1997-12-31;;;; Fixa normas para Autorização de Funcionamento e Reconhecimento de Cursos de Graduação/Habilitações. Credenciamento das Instituições de Ensino Superior e de Universidades vinculadas ao Sistema de Universidades vinculadas ao Sistema de Ensino do Estado de Mato Grosso do Sul.;;http://www.cee.ms.gov.br/wp-content/uploads/2015/08/del-4807.pdf;DELIBERAÇÃO CEE/MS n° 4807/1997 
ceems-deliberação-91;http://www.cee.ms.gov.br/atos-normativos/deliberacoes/;deliberação;4504/1996;1996-12-31;;;; Fixa normas para inspeção nos Estabelecimentos do Sistema Estadual de Ensino que oferecem o Ensino de 1º e 2º Graus, Educação Pré-Escolar, Educação Especial e dá outras providências.;;http://www.cee.ms.gov.br/wp-content/uploads/2015/08/del-4504-96.pdf;DELIBERAÇÃO CEE/MS N° 4504/1996 
ceems-deliberação-92;http://www.cee.ms.gov.br/atos-normativos/deliberacoes/;deliberação;4490/1996;1996-12-31;;;; Fixa normas para Regularização de Vida Escolar e Convalidação de Estudos e dá outras providências.;;http://www.cee.ms.gov.br/wp-content/uploads/2015/08/del-4490-96.pdf;DELIBERAÇÃO CEE/MS N° 4490/1996
ceems-deliberação-93;http://www.cee.ms.gov.br/atos-normativos/deliberacoes/;deliberação;1672/1987;1987-12-31;;;; Dispõe sobre a matricula de alunos estrangeiros nos Estabelecimentos do Sistema de Estadual de Ensino/MS, nos termos da Lei nº 6.815/80 – Estatuto dos Estrangeiros.;;http://www.cee.ms.gov.br/wp-content/uploads/2015/08/del-1672-87.pdf;DELIBERAÇÃO CEE/MS N° 1672/1987
ceems-deliberação-94;http://www.cee.ms.gov.br/atos-normativos/deliberacoes/;deliberação;1671/1987;1987-12-31;;;; Fixa normas para regular os recursos ou pedidos de reconsideração das decisões do Conselho Estadual de Educação de Mato Grosso do Sul.;;http://www.cee.ms.gov.br/wp-content/uploads/2015/08/del-1671-87.pdf;DELIBERAÇÃO CEE/MS N° 1671/1987
